,1,2,3,4,5,6,7,8,9,10,11,12,13,14,15,16,17,18,19,20,21,22,23,24,25,26,27,28,29,30,31,32,33,34,35,36,37,38,39,40,41,42,43,44,45,46,47,48,49,50,51,52,53,54,55,56,57,58,59,60,61,62,63,64,65,66,67,68,69,70,71,72,73,74,75,76,77,78,79,80,81,82,83,84,85,86,87,88,89,90,91,92,93,94,95,96,97,98,99,100,101,102,103,104,105,106,107,108,109,110,111,112,113,114,115,116,117,118,119,120,121,122,123,124,125,126,127,128,129,130,131,132,133,134,135,136,137,138,139,140,141,142,143,144,145,146,147,148,149,150,151,152,153,154,155,156,157,158,159,160,161,162,163,164,165,166,167,168,169,170,171,172,173,174,175,176,177,178,179,180,181,182,183,184,185,186,187,188,189,190,191,192,193,194,195,196,197,198,199,200,201,202,203,204,205,206,207,208,209,210,211,212,213,214
1,,,,,,,,,,,,,,2,,,,,,,,,,,,,,,,,,,2,,,,,,,,,,,,,,,,,,,,,,,,,,,,,,,,,,,,,,,,,,,,,,,,,,,,,,,,,,,,,,,,,,,,,,,,,,,,,,,,,,,,,,,1,,,,,,,,,,,,,,,,,,,,,,,,,,,,,,,,,,,3,,,,,,,,,,,,,,,,,,,,,,,,,,,,,,,,,,,,,,,,,,,,,,,,,,,,,,,,,,,
2,,,,,,,,,,3,,,,,,,,,,,,,,,,,,1,,3,,,1,,,,,,,,,,,,,,,,,,,,,,,,,,,3,,,,,,,,,,,3,,,,,,1,,,,,,,,,,,,,,,,,3,,,,,,,,,,,,,1,,,,,,,,,,,1,,,,,,,,,,,,,,,,,,,,,1,,3,,,,,,,,,,,,,,,,,,,,,,,,3,,,,,,,,,,,,,,,,,,,,,,,,,,,,,,,,,,,,,,,,,,,,,,,,,
3,,,,,,,,,,,,,2,1,,,,,,,,,,,,,,,,,,2,2,,2,,,,2,,,,,,,,,,2,,,,2,,,,,2,,,,,3,,,,,,1,2,,,,,,,1,,,,,,3,,,,,,,,,,,,,,,,,,,,,,,,,2,2,,,,,,,,,,,,,2,,,,,,3,,,,,,,2,,,2,2,,,,,,,,,,,3,,,,,,,,,,,,,,,,,3,,,,,,,,,,,,,,,,,,,,,,,,,,,,,,,,,,,,,,,,,,,,,,,
4,,,,,,,,,,,,,,,,,,,,,,,,,,,,,,,,,,,,,,,,,,,,,,,,3,,,,,,,,,3,,,,,,,,,,,,,,,,,,,,,,,,,,,,,,,,,,,,3,,,,,3,,,,,,,,,,,,,,,,,,,,,,,,,,,,,,,3,,,,,,,,,,,,,,,,,,,,,,,,,,,,,,,,,,,,,,,,,,,,,,,,,,,,,,,,,,,,,,,,,,,,,,,,,,,,,,,,,,,,,
5,,,,,,,,,,,,,,,,,,,,,,,,,,,,,,,,,,,,,,,,,,,,,,,,,,,,,,,,,,,,,,,,,,,,,,,,,,,,,,,,,,,,,,,,,,,,,,,,,,,,,,,,,,,,,,,,,,,,,,,,,,,,,,,,,,,,,,,,,,,,,,,,,,,,,,,,,,,,,,,,,,,,,,,,,,,,,,,,,,,,,,,,,,,,,,,,,,,,,,,,,,,,,,,,,,,,,,
6,,,,,2,,,,,,,,,,,,,,,,,,,,,,,,,,,,2,,,,,,,,,,,,,,,,,,,,,,,,,,,,3,,,,,,,,,,,,,,3,,,1,,,,,3,,2,,,,,,1,,,,,,,,,,,,,,,2,,,,,,,,,,,,,,,,,2,,,,,2,,,,,,,,,,,,,,,,,,,,,,,,3,,,,,,,,,,,,,,,,,,,,,,,,,,,,,,,,,,,,,,,,,,,,,,,,,,,,,,,,,,,,,,
7,,,,,,,,,,,,,,2,,,,,,,,,,,,,,,,,,,2,,,,,,,,,,,,,,,,,,,,,,,,,,,,,,,,,,,,,,,,,,,,,,,,,,,,,,,,,,,,,,,,,,,,,,,,,,,,,,,,,,,,,,,,,,,,,,,,,,,,,,,,,,,,,,,,,,,,,,,,,,,,,,,,,,,,,,,,,,,,,,,,,,,,,,,,,,,,,,,,,,,,,,,,,,,,,,,,,,,,,
8,,,,,,,,,,,,,,,,,,,,,,,,,,,,,,,,,,,,,,,,,,,,,,,,,,,,,,,,,,,,,,,,,,,,,2,,,,,,,,,,,,,,,,,,,,,,,,,,,,,,,,,,,,,,,,,,,,,,,,,,,,,,,,,,,,,,,,,,,,,,,,,,,,,,,,,,,,,,,,,,,,,,,,,,,,,,,,,,,,,,,,,,,,,,,,,,,,,,,,,,,,,,,,,,,,,,,,,
9,,,3,,,,,,,,,,,,,,,,,,,,,,,,1,3,,,,1,2,,,,2,,,,,,,,,,,,,,,,,2,,,,,,,,,3,,,,,,,,,,,,,,,,,,,,,,,,2,,,,,,,,,3,,,,,,,,2,,2,,1,,,,2,,,,,,,,,,,,,,,,,,3,,,,,,,,2,,,,,,,,,,,,1,,,,,,,3,,,,,,,,,2,3,,,1,,,,,,,,,,,,,,,,,,,,,,,,,,,,,,,,,,,,,,,,,,,,
10,,3,,,,,,,,,,,,,,,,,,,,,,,,,,,,3,,,2,,,,,,,,,,,,,,,,,,,,,,,,,,,3,,,,,,,,,,,3,,,,,,3,,,,,,,,,,,,,,,,,3,,,,,,,,,,,,,3,,,,,,,,,,,3,,,,,,,,,,,,,,,,,,,,,2,,3,,,,,,,,,,,,,,,,,,,,,,,,3,,,,,,,,,,,,,,,,,,,,,,,,,,,,,,,,,,,,,,,,,,,,,,,,,
11,,,,,,,,,,,,,,,,,,,,,,,,,,,,,,,,,,,,,,,,,,,,,,,,,,,,,,,,,,,,,,,,,,,,,,,,,,,,,,,,,,,,,,,,,,,,,,,,,,,,,,,,,,,,,,,,,,,,,,,,,,,,,,,,,,,,,,,,,,,,,,,,,,,,,,,,,,,,,,,,,,,,,,,,,,,,,,,,,,,,,,,,,,,,,,,,,,,,,,,,,,,,,,,,,,,,,,
12,,,,,,,,,3,,,2,,,,,,1,,,,,,3,,1,1,2,,,,,2,,,3,,,,,,,,,2,1,,,2,,,3,,2,,3,,,,,,,2,,3,,,,,,,,,,,,,,2,,,,,,,,2,,3,3,,,,,,2,2,,,,,,,2,,,2,,,3,,3,3,,,,3,,,,2,,,,,,,,,2,,,,,,1,,,,,,,,,,,,,,1,,,2,2,,,,,,,,,,,,,2,,3,1,2,,,,,,,,,,,,,,,,,,,,,,,,,,,,,,,,,,,,,,,,,,,
13,,,3,,,,,,,,,,,3,,,,,,,,,,,,,,,,,,,2,,,,,,,,,,,,,,,,,,,,,,,,,,,,,,,,,,,,,,,,,,,,,,,,,,,,,,,,,,,,,,,,,,,,,,,,,,,,,,,,,,,,,,,,,,,,,,,,,,,,,,,,,,,,,,,,,,,,,,,,,,,,,,,,,,,,,,,,,,,,,,,,,,,,,,,,,,,,,,,,,,,,,,,,,,,,,,,,,,,,,
14,2,,,,,,2,,,,,,2,,,,,,,2,2,,,,,,,,,,,,2,2,,,,2,2,,,,2,,,,,,,2,,,,,,,2,,,,,,2,,,2,,,1,,,,,,,,2,,,,,,,2,,,,,,,,,3,2,,,,,,,,3,,,,2,2,,,2,,,,,,,,3,,,,,,2,,,,,,,,,2,2,,,,,3,,,,,,,,,,,,,,,,,3,,,,,,,3,,3,,,,,,,2,,,,,,,,,,,,,,,,,,,,,,,,,,,,,,,,,,,,,,,,,,
15,,,,,,,,,,,,,,,,,,,,,,,,,,,,,,,,,,,,,,,,,,1,,,,,,,,,,,,,,,,,,,,,,,,,,,,,,,,,,,,,,,,,,,,,,,,,,,,,,,,,,,,,,,,,,,,,,,,,,,,,,,,,,,,,,,,,,,,,,,,,,,,,,,,,,,,,,,,,,,,,,,,,,,,,,,,,,,,,,,,,,,,,,,,,,,,,,,,,,,,,,,,,,,,,,,,,,,,
16,,,,,,,,,,,,,,,,,,,,,,,,3,,,,,,,,,3,,,,,,,,,,,,,,,,,,,,,,,,,,,,,,,,,,,,,,,,,,,,2,,,,,,,,,,,,,,,,,,,,,2,,,,,,,,,,,,,,,2,,,,,,,,,,,,,,,,,,,,,,,,,,,,,,2,,,,,,,,,,,,,,,,3,,,,,,,,,,,,,,,,,,,,,,,,,,,,,,,,,,,,,,,,,,,,,,,,,,,,,,,
17,,,3,,,,,,2,,,2,,,3,,3,2,,,,3,,3,,2,2,3,,,3,3,2,,,,3,,,,,2,3,,2,2,,,3,,,3,,2,,3,,,,,,2,3,3,2,,,,,2,,,,,,,,2,2,3,,,3,,3,,3,,2,3,2,,,,3,3,3,,,,,,,3,,2,3,,,3,2,,3,1,,,,,,,3,,3,,3,,,3,,3,3,2,,,,1,,,,,,,,,3,,,3,1,2,,,3,3,,,3,,,,,,,3,,2,3,,3,2,,,,,,,,,,,,,,,,,,,,,,,,,,,,,,,,,,,,,,,,,,,,
18,,,,,,,,,,,,,,,,,,,,,,,,,,,,,,,,,,,,,,,,,,,,,,,,,,,,,,,,2,,,,,,,,,3,,,,,,,,,,,,,,,,,,,,,,,,,,,,,,,,,,,,,,,,,,,,,,,,,1,,,,,,,,,,,,,,,,,3,,,,,,,,,,,,,,,,,,2,,,,,,,,,,,,,,,,,,,,,,,,,,,,,,,,,,,,,,,,,,,,,,,,,,,,,,,,,,,,,,,,,
19,,,,,,,,,,,,,,,,,,,,,,,,,,,,,,,,,,,,,,,,,,,,,,,,,,,,,,,,,,,,,,,,,,,,,,,,,,,,,,,,,,,,,,,,,,,,,,,,,,,,,,,,,,,,,,,,,,,,,,,,,,,,,,,,,,,,,,,,,,,,,,,,,,,,,,,,,,,,,,,,,,,,,,,,,,,,,,,,,,,,,,,,,,,,,,,,,,,,,,,,,,,,,,,,,,,,,,
20,,,3,,,,,,3,,,,,,,,,,,,,3,,3,,3,,2,,,,3,3,,,,2,3,,,,,2,,3,,3,,2,1,,3,,,,,,,,,,2,2,,,,,,,2,,,,,,,,,,,,,3,,3,,3,,,2,3,,,,2,3,3,,,,,,,,,2,2,,,2,3,,,,,,,,,,3,,,,,,,3,,3,2,,,,,,3,,,,,,,,,,,,,2,,,3,,,,2,,,,,,,3,,3,3,,,2,2,,,,,,,,,,,,,,,,,,,,,,,,,,,,,,,,,,,,,,,,,,,
21,,,,,,,,,,,,,,3,,,,,,,,,,,3,,,,,,,,,2,,,,,,,,,,,,,,,,,3,,,,,,,,,,,,,,,,,,1,,,,,,,,2,,,,,,,3,,,,1,,,,,,,,,,,1,,,,1,,1,,,,,,,,,,,,,,,,,,,,,3,,,,,,,3,,,,,,2,,,,,,,2,,,,,,,,,,,,,,,,3,3,,,,,3,,,,,,,,,,,,,,,,,,,,,,,,,,,,,,,,,,,,,,,,,,,,,,
22,,,2,,,,,,,,,,,,,,,2,,,,,,3,,2,2,2,,,2,,3,,,3,3,2,,,,,1,,2,2,,,3,,,3,,,,,,,,,,,3,3,,,,,,2,,,,,2,,,,,3,,,3,,,,,,3,,,,,,,,3,,,,,,,,,,1,,,1,3,2,,3,,,,,,,,,,,,,,,,,3,,,,,,,,1,,,,,,,,,,2,1,,,2,2,,,2,,,,,,,2,,2,,,1,3,3,,,,,,,,,,,,,,,,,,,,,,,,,,,,,,,,,,,,,,,,,,,
23,,,,,,,,,,,,,,,,,,,,,,,,,,,,,,,,,,,,,,,,,,,,,,,,,,,,,,,,,,,,,,,,,,,,,,,,,,,,,,,,,,,,,,,,,,,,,,,,,,,,,,,,,,,,,,,,,,,,,,,,,,,,,,,,,,,,,,,,,,,,,,,,,,,,,,,,,,,,,,,,,,,,,,,,,,,,,,,,,,,,,,,,,,,,,,,,,,,,,,,,,,,,,,,,,,,,,,
24,,,,,,,,,,,,2,,2,,2,,2,,,,3,,,3,,,,,,,,,,,2,,,,,2,,,2,,2,,,2,,,2,,,,3,,,,,,,2,,3,,,,,2,,2,,2,,,2,,,,,2,,,,1,,,,3,,,,,,2,,,,,,,,,,,,,,,2,,3,,,1,,,,,,,,,,,,,,,2,,,2,,,,,2,,,,2,2,,,,,,,,,2,,,,,2,1,,2,,,,,,,,3,,3,2,,,,,,,,,,,,,,,,,,,,,,,,,,,,,,,,,,,,,,,,,,
25,,,3,,,,,,,,,,,2,,,,,,,,3,,2,,,,2,,,,2,2,,,,,2,,,,,1,,,,,,2,,,,,,,,,,,,2,,3,,,,,,2,3,,,,,2,,2,,,,1,,2,,,,,,,,,,,,,,,,,,,,,,,,2,,2,2,2,,3,,,,,,,,,,,,,,,2,,,,,,,,,,,2,,,,,,,,,,,,,,,,,,2,,,,,,,3,,,,,,,,,,,,,,,,,,,,,,,,,,,,,,,,,,,,,,,,,,,,,,,,,,
26,,,,,,,,,3,,,1,,,,,,1,,3,,3,,3,,,1,3,,,2,3,2,,,3,3,,,,,2,3,,1,1,,,,,,1,,2,,1,,,,,3,2,,,1,,2,,,2,,,,,3,2,,,2,,,,3,,2,,1,,1,2,2,,,,,1,2,,,,,,,2,,,,,,,3,2,,1,,3,2,,,,2,,,,,,,3,,2,1,,,,,1,,,,,,,,,,,,2,1,,,,2,2,,,,,,,2,,,,,2,,,1,1,,,,,,,,,,,,,,,,,,,,,,,,,,,,,,,,,,,,,,,,,,,,
27,,,,,,,,,3,,,2,,,,,2,2,,2,,3,,2,,2,,,,,,2,,,,,2,,,,,,,,1,1,,,,,,2,,,,2,,,,,2,2,,,1,,,,,,,,,,2,,,,2,,,,2,,2,,2,,2,2,2,,,,2,2,2,,,,,,,3,,2,,,,,3,2,,1,,,2,,,,2,,,,,,,2,,3,2,2,,,,1,2,,,,,,,,,,,,1,,,,1,2,,,,,,,,,,,,1,,,2,1,1,,,,,,,,,,,,,,,,,,,,,,,,,,,,,,,,,,,,,,,,,,,
28,,,,,,,,,,,,,,1,,,,,,2,,,,,,,,,,,,2,2,,,,1,,,,,,,,,,2,,2,1,,,2,,2,2,,,,,2,,2,,,2,,,1,2,,2,,,2,,2,,,,2,,,,,,,,,,,1,,,,,,,,2,,2,,,,1,,2,2,,,,,,1,,,,,,,,,1,,,,,,,,,,,,,2,2,1,,,,,,,,2,,,,2,,,,,2,,,,,,,,,,,,,2,,,,,,,,,,,,,,,,,,,,,,,,,,,,,,,,,,,,,,,,,,,,,
29,,,,,,,,,,,,,,,,,,,,,,,,,,,,,,,,,,,,,,,,,,,,,,,,,,,,,,,,,,,,,,,,,,,,,,,,,,,,,,,,,,,,,,,,,,,,,,,,,,,,,,,,,,,,,,,,,,,,,,,,,,,,,,,,,,,,,,,,,,,,,,,,,,,,,,,,,,,,,,,,,,,,,,,,,,,,,,,,,,,,,,,,,,,,,,,,,,,,,,,,,,,,,,,,,,,,,,
30,,2,,,,,,,,2,,,,2,,,,,,,,,,,3,,,3,,3,,,3,,,,,3,,,,,,,,,,,3,,,,3,,,,,,3,,,,,,,,,3,3,3,3,,,,,,2,,,,,3,,,,,,3,,,,3,,3,,,,,3,,,,3,,2,,2,3,,3,,,,,3,,,2,,,,,,,,3,,,,,,,,,,,,3,,,3,,,,,,3,,,,,,,,,,3,,,,,3,,,,,,,,,,,,,,,,,,,,,,,,,,,,,,,,,,,,,,,,,,,,,,,,,,,,
31,,,,,,,,,,,,,,,,,,,,,,,,,,,,,,,,,,,,,,,,,,,,,,,,,,,,,,,,,,,,,,,,,,,,,,,,,,,,,,,,,,,,,,,,,,,,,,,,,,,,,,,,,,,,,,,,,,,,,,,,,,,,,,,,,,,,,,,,,,,,,,,,,,,,,,,,,,,,,,,,,,,,,,,,,,,,,,,,,,,,,,,,,,,,,,,,,,,,,,,,,,,,,,,,,,,,,,
32,,,2,,,3,,,3,,,2,,,2,,,3,,2,,3,,2,3,3,2,2,,,,,2,,,,2,,,,,1,2,,2,2,2,,,2,,,3,,,2,,,,,1,2,,,,,,3,,,,,,,2,,,3,3,,,,3,,3,,2,,,,3,,,,2,,2,,,,,,,2,,2,2,3,,2,3,3,3,,,,,,,,,,3,,2,,,3,,2,3,,,,,3,3,3,1,,,,,,,,,3,3,2,,,,3,,,2,,,,,,,,,,1,,2,3,3,,,,,,,,,,,,,,,,,,,,,,,,,,,,,,,,,,,,,,,,,,,
33,,,3,,,1,,,,,,,,2,,,,,,3,,3,,,3,,,2,,,,,,,,3,3,,,,,,2,,3,,3,,2,2,,3,3,,,,,,,,,2,2,,,,,,2,2,,,,,,,3,2,,,2,,3,2,3,,2,,,,3,,,,2,2,,,,,,,,1,,3,1,3,2,2,,2,,2,,,,2,,,,,,,,,,3,,1,2,2,,,,,3,3,3,,,,,,,,,,2,1,,,,,,,2,,,,,,,3,,,,,,,3,,,,,,,,,,,,,,,,,,,,,,,,,,,,,,,,,,,,,,,,,,,
34,,,2,,,,,,,,,,,3,,,,,,2,,,,,,,,2,,,,,1,,,,,1,,,,,2,,,,,,2,1,,,,,,,,,,,,,2,,,,,,2,2,,,,,,,2,,,,,,,,1,,,,,,1,,,,,,,,,,,,,,,2,1,,,2,,,,,,,,,,,,,,,,,,,,,,,,,,,,,2,,,,,,,,,,,1,,,,,,,2,,,,,,,2,,,,,,,,,,,,,,,,,,,,,,,,,,,,,,,,,,,,,,,,,,,,,,,,,,
35,,,,,,,,,,,,,,,,,,,,,,,,,,,,,,,,,,,,,,,,,,,,,,,,,,,,,,,,,,2,,,,,,,,,,,,,,,,,,,,,,,,,,,,,,,,,,,,,,,,,,,,,,,,,,,,,,,,,,,,,,,,2,,,,,,,,,,,,,,,,,,,,,,,,,,,,,,,,,,,,,,,,,,,,,,,,,,,,,,,,,,,,,,,,,,,,,,,,,,,,,,,,,,,,,,,,,,,,
36,,,,,,,,,,,,,,,,,,3,,3,,3,3,2,,3,,,,,,,3,,,,,,,,3,,,,3,2,,,,,,3,3,,,,,,,,,,,,,,3,,,,,,,,,3,,,,,,,,,,,,,,3,,,,,,,3,,,,,,,,,,,3,,,2,3,,,,3,3,,,,,,,,,,3,,,,,,,,,2,,3,,3,,,,3,,,,,,,,,3,3,,,,3,,3,3,,,,,,,,,2,3,,,,,,,,,,,,,,,,,,,,,,,,,,,,,,,,,,,,,,,,,,,
37,,,2,,,,,,2,,,2,,,2,,,,,,,3,,,,2,1,2,,,,2,2,,,,,,,,,1,1,,2,2,3,,,,,,,,,2,,,,,2,2,,,,,,,,2,,,,,2,,,2,2,,,,2,,2,,2,,,,2,,,,2,,2,,,,,,,2,,1,1,,,2,2,,,2,,,,,,,,,,,2,,,,,2,2,2,,,,2,2,,,,,,,,,,,,2,1,,,,,,,2,,,,,,,2,,,1,,3,2,,,,,,,,,,,,,,,,,,,,,,,,,,,,,,,,,,,,,,,,,,,,
38,,,,,,,,,,,,,,,,,,,,,,2,,,,,,,,,,,,,,,,,,,,,,,,,,,,,,,,,,,,,,,,,,,,,,,,,,,,,,,,,,,,,,,,,,,,,,,,,,,,,,,,,,,,,,,,,,,,,,,,,,,,,,,,,,,,,2,,,,,,,,,,,,,,,,,,,,,,,,,,,,,,,,,,,,,,,,,,,,,,,,,,,,,,,,,,,,,,,,,,,,,,,,,,,,,,,,,,,
39,,,2,,,,,,2,,,,,,,,,,,,3,,,,,,,,,,,,,,1,,,,,,,,,,,,,,,,,,,,,,3,2,,,,,,,,3,,2,,,,,,,,,,,,,,,,,,,,,,,,,,,,,,,,,,,,,,,,2,,,,,,,,,,,,,,,,1,,,,,,,,,,,,,,2,,,,,,,,,,,,,,,,,,3,,,,,,,,,,,2,,,,,,,,,,,,,,,,,,,,,,,,,,,,,,,,,,,,,,,,,,,,,,,
40,,,,,,,,,,,,,,1,,,,,,,2,,,,,,,,,,,,1,2,,,,2,,,,,,,,,,,3,,3,,3,,,,,,2,,,,,,,,,,,2,,,,,,,2,,,,,,,2,,,,2,,,,,,,,,,,3,,,,2,,3,,,3,,3,,,,,,,,,,,,,,,,2,,,,,,,2,,,,,3,2,,,,,,,3,,,,,,,,,,,3,,,,,2,2,,,,,3,,,,,,,,,,,,,,,,,,,,,,,,,,,,,,,,,,,,,,,,,,,,,,
41,,,,,,,,,,,,,,,,,,,,,,3,3,3,,,,,,,,,3,,,3,,,,,,,,,3,,,,,,,3,,,,,,,,,3,,,,,,3,,,,,,,,3,3,,,3,,,,,,,,,,,3,,,,,,,,,,,,,,,,,,,,,3,3,,,,3,3,,,,,,,,,,3,,,,,,,,,,,,,3,,,,3,,,,,,,,,3,,,,,3,,3,3,,,,,,,,,,3,,,,,,,,,,,,,,,,,,,,,,,,,,,,,,,,,,,,,,,,,,,
42,,,,,,,,,,,,,,,,,,,,,,,,,,,,,,,,,,,,,,,,,,,,,,,,,,,,,,,,,,,,,,,,,,,,,,,,,,,,,,,,,,,,,,,,,,,,,,,,,,,,,,,,,,,,,,,,,,,,,,,,,,,3,,,,,,,,,,,,,,,,,,,,,,,,,,,,,,,,,,,,,,,,,,,,,,,,,,,,,,,,,,,,,,,,,,,,,,,,,,,,,,,,,,,,,,,,,,,
43,,,2,,2,,,,,,,1,,,,,,,,,,,,,,,,1,,,,,1,,,,,,,,,,2,,,,2,,,,,,3,,,1,,,,,,,,,,,,,,,,,,,,,,,,,,,,,,,,,,,,,,,,,,,,,,,,,,2,2,3,,2,,,,,,,,,,,1,,,,,,,,,,,,,,,,3,3,,,,,,,,,,,1,2,,2,,,,,2,,,,,,,2,,,,,2,,,,,,,,,,,,,,,,,,,,,,,,,,,,,,,,,,,,,,,,,,,,,
44,,,,,,,,3,,,,,,,,,,,,,,,,2,,,,,,,,,1,,,,,,,,,,,,,,,,,,,,,,,,,,,,,,,,,,,,,,,,,,,,,,,,,3,,,,3,,,,,,,,,,,,,,,,,,,,,,,,,,,2,,,,,,,,,,,,,,,,,,,,,,,,,,,,,,,,,,,,,,,,,,,,,,,,,,,,,,,,,,,,,,,,,,,,,,,,,,,,,,,,,,,,,,,,,,,,,,,,,,,,,
45,,,,,,,,,,,,,,2,,,,1,,,,,,,,,1,,,,,,3,,,,,,,,,,,,,,,,,,,3,,,,,,,,,,,,,,,,,,,,,,,,,2,,2,,,,,,,,,,2,,,,,,,3,,,,,,,,,,,,,,,,,,1,,,,,,,,,,,,,,,,,2,,,,,,,,2,,,,,,,,,,1,2,,,2,,,,,,,,,,,,,,,,,,3,,,,,,,,,,,,,,,,,,,,,,,,,,,,,,,,,,,,,,,,,,,
46,,,,,,,,,,,,,,,,,,2,,,,3,,3,,,2,,,,,3,,,,,,,,,,,,,,,,,2,,,2,,,,,,,,,,,2,,1,,,,,2,,,,,,,,,3,,,,,,,,,,3,3,,,,,,1,3,,,,,,,,,,,,,,3,,,3,,,,,,,,,,,,,,,,,,,,,,,3,,,,,,,,,,,,,,,,2,,,,,,,,,,,,,,,,,3,1,,,,,,,,,,,,,,,,,,,,,,,,,,,,,,,,,,,,,,,,,,,
47,,,,,3,,,,,,,,,,,,,,,3,,,,,,,,,,,,2,3,,,,2,,,,,,,,2,,,,,2,,,2,,,,,,,,2,2,,,,,,,,,,,,,2,,,,,,,,3,,,,,,,,,,,,,,,,,,,,,,,3,,2,,,,,,,,,,,,,,,,,2,,,3,,,,,,,,,3,3,,,,,,,,,,2,,,,3,,,,,,,,,,,,,,,,,,,,,,,,,,,,,,,,,,,,,,,,,,,,,,,,,,,,,,,,,,,,,,
48,,,,3,,,,,,,,,,,,,,,,,,,,,,,,,,,,,,,,,,,,,,,3,,,,,3,,,,,,,,,3,,,,,,,,,,,,,,,,,,,,,,,,,,,,,,,,,,,,,,,,,,,,,,,,,,,,,,,,,,,,,,,,,,,,,,,,3,,,,,,,,,,,,,,,,,,,,,,,,,,,,,,,,,,,,,,,,,,,,,,,,,,,,,,,,,,,,,,,,,,,,,,,,,,,,,,,,,,,,,
49,,,,,,,,,,,,,,,,,,,,,,,,,,,,,,,,,,,,,,,,,,,,,,,,,,,,,,,,,,,,,,,,,,,,,,,,,,,,,,,,,,,,,,,,,,,,,,,,,,,,,,,,,,,,,,,,,,,,,,,,,,,,,,,,,,,,,,,,,,,,,,,,,,,,,,,,,,,,,,,,,,,,,,,,,,,,,,,,,,,,,,,,,,,,,,,,,,,,,,,,,,,,,,,,,,,,,,
50,,,2,,,,,,,,,,,,,,,,,3,,,,2,,,,2,,,,,2,,,,,,,,,,2,,,,,,2,,,,,,,,,,,,,,2,,,,,,,2,,,,,,,,,,,,,,,,,,,,,,,,,,,,,,,,,,,,,2,,,2,,,2,,,,,,,,,,,,,,,,,,,,,,,,,,1,,,,,,,,,,,,,,,,,,2,,,,,,,2,,,2,,,,,,,,,,,,,,,,,,,,,,,,,,,,,,,,,,,,,,,,,,,,,,,
51,,,,,,,,,,,,,,,,,,,,,,,,,3,,,,,,,,2,,,3,,2,,3,,,,,,,,,,,,,,,,,,,,,,,,,,,,,,,,,,,,,3,,,,,,,,,,,,,,,,,,,,,,2,,,,,,3,,,,,3,,,,,,2,3,,,,,,,,,2,,,,,,,,,,,,,2,,,,,,,3,,,,,,,,,,,3,,,,,,,,,,,3,,,3,,,,,,,,,,,,,,,,,,,,,,,,,,,,,,,,,,,,,,,,,,,
52,,,2,,,,,,3,,,2,,,,,2,2,,3,,3,,3,,2,2,2,,,2,3,2,,,3,2,,,,3,2,2,,3,2,,,2,,,,,2,,2,,,,,,1,3,,3,,,,,3,,,,,,3,,,2,,,,3,,,,3,,3,3,,,,,2,3,3,,,,,,,3,,,1,,,3,,3,3,2,,3,3,,,,3,,,,,,,3,,3,1,2,,,,1,,,2,3,,,,,,,,,1,2,,,2,2,,,2,3,,,,,,3,,1,2,,3,2,3,,,,,,,,,,,,,,,,,,,,,,,,,,,,,,,,,,,,,,,,,,,
53,,,,,,,,,,,,,,,,,,,,,,,,,,,,,,,,,,,,,,,,,,,,,,,,,,,,,,,,,,,,,,,,,,,,,,,,,,,,,,,,,,,,,,,,,,,,,,,,,,,,,,,,,,,,,,,,,,,,,,,,,,,,,,,,,,,,,,,,,2,,,,,,,,,,,,,,,,,,,,,,,,,,,,,,,,,,,,,,,,,,,,,,,,,,,,,,,,,,,,,,,,,,,,,,,,,,,,,
54,,,3,,,,,,3,,,2,,,,,,,,,,,,,,,,3,,,,,,,,,,,,,,,1,,3,,,,,,,3,,,,3,,,,,,,,,,,,,,,,,,,,,,,,,,,3,,,,,,,,,,,,,3,,,,,,,,,,,1,,,2,,,3,,,,,,,,,,,,,,,3,,,,,,,,,,,2,,,,,,,,,,,,,,3,,,,2,,,,,,,2,,,3,,3,,,,,,,,,,,,,,,,,,,,,,,,,,,,,,,,,,,,,,,,,,,,,
55,,,,,,,,,,,,,,,,,,,,,,,,,,,,3,,,,,2,,,,,,,,,,,,,,,,,,,,,,,,,,,,,,,,,,,,,,,,,,,,3,,,,,,,,,,,,,,,,,,,,,,,,,,,,,,,,,,,,,,,,,,,,,,,,,,,,,,,,,,,,,,2,,,,,,,,,,,,,,,,,,,,,,,,,,,,,,,,,,,,,,,,,,,,,,,,,,,,,,,,,,,,,,,,,,,,,,,,,,,
56,,,3,,,,,,3,,,2,,,,,,1,,,,,,3,,2,2,3,,,,2,2,,,,3,,,,,,3,,1,,,,,,,,,3,,,,,,,,,,,3,,,,,3,,,,,3,,,,2,,,,3,,,,2,,3,3,,,,,,2,3,,,,,,,3,,,,,,3,3,,3,2,,,3,,,,3,,,,,,,3,,,3,,,,,,,,,3,,,,,,,,,,2,,,3,3,,,3,,,,,,,,,3,3,,3,2,3,,,,,,,,,,,,,,,,,,,,,,,,,,,,,,,,,,,,,,,,,,,
57,,,,3,,,,,,,,,,3,,,,,,,,,,,,,,,,,,,3,,,,,,,,,,3,,,,,3,,,,,,,,,,,,,,,,,,,,,,,,,3,,,,,,,,,,,,,,,,,,,,3,,,,,3,,,,,,,,,,,,,,,,,,,,,,,,,,,,,,,3,,,,,,,,,,3,,,,,,,,,,,,,,,,,,,,,,,,,,,,,,,,,,,,,,,,,,,,,,,,,,,,,,,,,,,,,,,,,,,,,,,,,,,
58,,,3,,,,,,3,,,,,1,,,,,,,,,,,,,,3,,,,,1,,,,,,,,,,,,,,,,,,,,,,,,,,,,,,,,,,,,,,,,,,,,2,,,,,,,,3,,,,,,1,,,,,,,,,,,,,,,1,,,,,,,,,,,,,,,,,,,,,,,,,,,,,,,,,1,,,,,,,,,,,2,,,,,,,,,,,,,,,,,3,,,,,,,,,,,,,,,,,,,,,,,,,,,,,,,,,,,,,,,,,,,,,,,
59,,,,,,,,,,,,,,,,,,,,,,,,,,,,,,,,,2,,,,,,,,,,,,,,,,,1,,,,,,,,,,,,,,,,,,,,,,,,,,,,,,,,,,,,,,,,,,,,,,,,,,,,,,,,,,,,,,,,,,,,,,,,,,,,,,,,,,,,,,,,,,,,,,,,,,,,,,,,,,,,,,,,,,,,,,,,,,,,,,,,,,,,,,,,,,,,,,,,,,,,,,,,,,,,,,,,,,,,
60,,,,,,,,,,,,,,,,,,,,,,,,,,,,,,,,,2,,,,,,,,,,,,,,,,,,,,,,,,,,,,,,,,,,,,1,,,,,,,,,,,,,,,,,,,,,,,,,,,,,,,,,,,,,,,,,,,,,,,,,,,,,,,,,,,,,,,,,,,,,,1,,,,,,,,,,,,,,,,,,,,,,,,,,,,,,,,,,,,,,,,,,,,,,,,,,,,,,,,,,,,,,,,,,,,,,,,,,,
61,,,,,,,,,,,,,,,,,,,,,,,,,,,,,,,,,,,,,,,,,,,,,,,,,,,,,,,,,,,,,,,,,,,,,,,,,,,,,,,,,,,,,,,,,,,,,,,,,,,,,,,,,,,,,,,,,,,,,,,,,,,,,,,,,,,,,,,,,,,,,,,,,,,,,,,,,,,,,,,,,,,,,,,,,,,,,,,,,,,,,,,,,,,,,,,,,,,,,,,,,,,,,,,,,,,,,,
62,,,,,,,,,,,,,,,,,,,2,,,2,,,,,1,1,,,,,1,,,,3,,,,,,,,2,,2,,2,,,1,,,,,,,,,,,,2,,,,,,1,,,,,2,,,,2,2,,,2,,,,2,,1,,2,,,,3,2,,,,,2,,,,,2,,,,,2,,,1,,,,,,,,,,,3,,,,,,2,,,,,,2,,2,,,,,,,,,3,,3,,,2,,,,,,,,,,,,,,,,,,2,,,,,,,,,,,,,,,,,,,,,,,,,,,,,,,,,,,,,,,,,,,
63,,,3,,,,,,3,,,2,,,,,,,,,,3,,2,,,,3,,,,,2,,,,,2,,,,,2,,2,1,,,3,1,,,,,,,,,,,,,,,3,,,,,3,,,,,,,,,,,,,3,,,,,,,,,,,,,,3,,,,,,,,,,2,,,2,,,3,,,,,,,,,,,,,,,3,,,3,,,,,,,,,,,,,,,,,,,2,,,,,,,3,,,,,,,3,,2,,,3,,2,,,,,,,,,,,,,,,,,,,,,,,,,,,,,,,,,,,,,,,,,,,
64,,,,,,,,,,,,,,,,,,,,,,3,,,,,,,,,2,,,,,,,,,,,2,,,3,,,,,,,,,,,,,,,,2,2,,,,,,,,,,,,,3,,,,,3,,,3,,3,,,,,,3,,,,,,,,,,3,,,,,,,,,,3,,,,,,,,,,,,,,,,,,,,,,,,,,,,,,,,,,2,,,,,,,,,,,,,,,,,,,,,,,,,,,,,,,,,,,,,,,,,,,,,,,,,,,,,,,,,,,,,,,,,,,,,
65,,,,,,,,,3,,,2,,,,,,3,,,,3,,3,,2,3,,,,,,,,,3,,,,,,,,,,,,,,,,3,,3,,3,,,,,,,,,,,,,,,,,,,,,,,3,,,,3,,3,,3,,3,3,3,,,,,3,3,,,,,,,3,,,,,,,,,3,2,,,,,,,,,,,,,,3,,,3,,,,,,,,,,,,,,,,,,2,2,,,2,3,,,,,,,,,,,,,3,,3,2,3,,,,,,,,,,,,,,,,,,,,,,,,,,,,,,,,,,,,,,,,,,,
66,,,,,,,,,,,,,,2,,,,,,,,,,,,,,,,,,,2,,,,,,,,,,,,,,,,,,,,,,,,,,,,,,,,,,,,,,,,,,,,,,,,,,,,,,,,,,,,,,,,,,,,,,,,,,,,,,,,,,,,,,,,,,,,,,,,,,,,,,,,,,2,,,,,,,,,,,,,,,,,,,,,,,,,3,,,,,,,,,,,,,,,,,,,,,,,,,,,,,,,,,,,,,,,,,,,,,,,,,,
67,,,,,,,,,,,,,,,,,,,,,,,,,,,,,,,,,2,,,3,,,,,,,,,,,,,,,,,,,,,,,,,,,,,,,,,,,,,,,,,,,,,,,,,,,,,,,,,,,,,,,,,,,,,,,,,,,,3,,,,,,,,,,,,,,,,,,,,,,,,,,,,,,,,,,,,,,,,,,,,,,,,,,,,,,,,,,,2,,,,,,,,,,,,,,,,,,,,,,,,,,,,,,,,,,,,,,,,,,,
68,,,3,3,,,,,,,,,,,,,,,,3,,,,,,,,,,,,,1,,,,,,,,,,,,,,,,,,,,3,,,,,,,,3,,,,,,,,,,,,,,,,,,,,,,,,,,,,,,,,,,,,,,,,,,,,,2,,3,,,,,,,,,,,,,,,,,,,,,,,,,,,,,3,3,1,,,,,,,,,,,,,,,,,,,,,,,,,3,,,3,,,,,,,,,,,,,,,,,,,,,,,,,,,,,,,,,,,,,,,,,,,,,,,
69,,,2,2,2,,,2,2,,,,,2,,,,,,2,,2,,2,2,,,2,,2,,,2,,2,,,2,,,,,2,2,2,,2,,2,,,,2,,,,,,2,,,,2,,,,,2,,2,2,,2,2,,,2,,,,,2,2,,2,,2,2,,,2,2,,,,2,,2,,,,,2,,,2,2,2,2,2,2,,2,,2,,,,2,,,,2,,,,,2,,,,,,,,,2,2,,,1,,,,,,,,,2,,2,,,2,,2,,,,,2,,2,,,,,,,,,,,,,,,,,,,,,,,,,,,,,,,,,,,,,,,,,,,,,,,,,,
70,2,2,2,2,,,2,2,2,2,2,2,2,2,,2,,2,,2,2,3,,2,2,2,2,2,2,2,,,2,2,2,3,,2,2,2,,,2,2,2,2,,2,2,2,2,2,,2,2,2,2,2,2,2,2,2,2,,2,2,,2,2,,2,2,2,2,2,,2,,,,2,2,,2,,2,,2,2,2,,2,2,2,2,2,2,2,2,2,,2,2,,2,,2,,2,2,3,2,2,2,2,,3,2,2,2,,2,,2,,2,,,2,,2,,2,2,2,,,,2,,2,2,2,,,2,2,2,2,2,2,,2,2,2,2,2,2,2,,,2,2,2,2,2,2,2,2,2,2,2,,,,,,,,,,,,,,,,,,,,,,,,,,,,,,,,,,,,,,,,,,
71,,3,,,,,,,,3,,,,3,,,,,,,,,,,3,,,3,,3,,,3,,,,,3,,,,,,,,,,,,,,,3,3,,,,,3,3,,,,,,,,3,3,,3,,,,,,3,3,,,,3,,,,,,3,,,,3,,3,,,,,3,,,3,3,,3,3,3,3,,3,,,,,3,,,3,,,,,,3,,3,,,,,,,3,,,,3,3,,,3,,,,,,,,,,,,,,,,,,,,,,,,,,,,,,,,,,,,,,,,,,,,,,,,,,,,,,,,,,,,,,,,,,,,,,,,,
72,,,,,,,,,,,,,,2,,,,,,,,,,,,,,3,,,,,2,,,,,,,,,,,,,,,,,,,,,,,,,,,,,,,,,,,,1,,,,,,,,3,,,,,,,,3,,,,,,1,,,,,,,,,,,,,,,,,,,,,,,,,,,,,,,,,,,,,,,,,,,,,,,,,,,,,,,,,,,,,,,,,,,,,,,,,,,,,,,,,,,,,,,,,,,,,,,,,,,,,,,,,,,,,,,,,,,,,,,,,,,
73,,,,3,,,,,,,,,,,,,,,,,,,,,,,,,,,,,2,,,,,,,,,,2,,,,,2,,,,,,,,,3,,,,,,,,,,,,3,,,,3,,,,,,,,,,,,,,,,,,,,3,,,,,3,,,,,,,,,,,,,,,,,,,,,,,,,,,,,,,2,,,,,,,,,,3,,,,,,,,,,,2,,,,,,,,,,,,,,,,,,,,,,,,,,,,,,,,,,,,,,,,,,,,,,,,,,,,,,,,,,,,,,,,
74,,,,,,,3,,,,,,,,,,,,,,,,,3,,,,3,,3,,,,,,,,2,,,,,,,,,,,,,,,,,3,,,,,,3,,3,,,,,,3,3,3,3,,,3,,3,,,,,,,,,,,,,,,3,,,,,,,,,,,,,,,3,,,,,,,,3,,,,,,,,,3,,,,,,,,,,,,,,,,,3,,,,,,3,,,,,,,,,,,,,,,,,,,,3,,,,,,,,,,,,,,,,,,,,,,,,,,,,,,,,,,,,,,,,,,,,,,,
75,,,,,,,,,,,,,,,,,,,,,,,,,2,,,,,,,2,,,,,2,,,,,,,,2,,,,,,,,,,,,,,,,2,,,,,,,,,,,,,,,,2,,,,,,,,,,,,,,,,,,,,,,,,,,,,,,,,,,,,,,,,,,,,,,,,,,,,,,,,,,,,,,2,,,,,,,,,,,,,,,,,,,,,,,,,,,,,,,,,,,,,,,,,,,,,,,,,,,,,,,,,,,,,,,,,,,,,,,,,,,
76,,,,,,,,,,,,,,,,,,,,,,,3,,,,,,,,,,,,,3,,,,,,,,,,,,,,,,,,,,,,,,,,,,,,,3,,,,,,,,,3,,,,,,,,,,,,,,,,,,,,,,,,,,,,,,,,,,,,3,,,,,3,,,,,,,,,,3,,,,,,,,,,,,,3,,,,,,,,,,,,,,,,,,,,,,,,,,,,,,,3,,,,,,,,,,,,,,,,,,,,,,,,,,,,,,,,,,,,,,,,,,,
77,,2,,,,,,,,3,,,,,,,,,,,,,,,,,,,,,,,,,,,,,,1,,,,,,,,2,,,2,,,,3,,,2,,,,,,,,,,,,,,,,3,,,3,,,,3,,,,,,,,,,,,,,,,,,1,3,,,,,3,,,,,,,,,,,,,,,2,,1,,,,,,,2,,,,,,,,,,2,,,2,3,,,3,3,,,,,,,,,,,,3,,,,,,,,,3,,,,,,,,,,,,,,,,,,,,,,,,,,,,,,,,,,,,,,,,,,,,,,
78,3,3,3,3,3,1,3,3,3,3,3,3,3,3,2,3,3,3,,3,3,3,3,3,3,3,3,3,,3,3,3,3,3,3,3,2,3,3,3,3,2,3,3,3,3,3,3,3,3,3,3,3,3,,3,3,3,3,3,3,3,3,3,3,3,3,3,3,3,3,3,3,3,3,3,3,,3,3,3,3,3,3,3,3,3,3,3,3,1,3,3,3,2,3,3,3,3,3,,3,3,3,3,3,3,3,3,3,3,3,3,3,3,3,3,3,3,3,3,3,2,3,3,3,3,3,3,3,,2,3,3,3,3,3,3,3,3,3,3,3,3,3,3,3,3,2,2,3,3,3,3,3,3,3,3,3,3,3,3,3,3,3,3,3,3,3,3,3,3,,,,,,,,,,,,,,,,,,,,,,,,,,,,,,,,,,,,,,,,,,
79,,,,,,,,,3,,,1,,,,,,2,,,,3,,,,3,1,,,,,,2,,,,,,,,,,,,2,2,,,2,,,2,,,,1,,,,,,,,,1,,,,,,,,,,,,,,,,,,2,,,,2,,2,2,,,,,,1,3,,,,,,,3,,,,,,,3,,,2,,,,,,,3,,,,,,,2,,3,1,2,,,,2,,,,,,,,,,,,,1,2,,,2,2,,,,,,,,,,,,1,,,1,2,3,,,,,,,,,,,,,,,,,,,,,,,,,,,,,,,,,,,,,,,,,,,
80,,,,,,,,,,,,,,,,,,,,,,,,,,,,,,,3,,,,,,,,,,,2,,,2,,,,,,,,,,,,,,,,,,,3,,,,,,,,,,,,,,,,,,,,,,,,,,,,,,,,,,,,,2,,,,,,,,,,,,,2,,,,,,,,,,,,,,,,,,,,,,,,,,,,,,,3,,,,,,,,,,,,,,,,,,,,,,,,,,,,,,,,,,,,,,,,,,,,,,,,,,,,,,,,,,,,,,,,,,,,,
81,,,2,,,,,,,,,,,,,,,,,,1,,,,2,,,3,1,,,,2,2,3,,,,2,2,,,,,,,,,3,,,,,,2,,,2,2,2,,,2,,,1,,1,3,3,,2,,,,,2,,,,,,,2,,,,,,,,1,,,,,,,,3,,1,3,,3,,,,3,,,,,,2,,,,3,,,2,,2,,2,,,,,,,2,,,,,,1,,,3,,,,3,3,,,1,3,,,,,2,3,,,,,3,3,3,,,,3,,,,,,,,,,,,,,,,,,,,,,,,,,,,,,,,,,,,,,,,,,,,,,
82,,,,,,,,,,,,,,,,,,,,,,,,,,,,,,,,,,,3,,,,,,,,,,,,,,,,,,,,,,,,,,,,,,,,,,3,,,,,,,,,,,,,,,,,,,,,,,,,,,,,,,,,,2,,,,,,,,,,3,,,,,,,,,,,,,,,,,,,,,,,,,,,,,,,,,,,,,,,,,,3,,,,,,,,,,,,,,,,,,,,,,,,,,,,,,,,,,,,,,,,,,,,,,,,,,,,,,,,,,,
83,,,,,,,,,,,,,,,,,,,,,,,,,,,,,,,,,,,,,,,,,,,,,,,,,,,,,,,,,,,,,,,,,,,,,,,,,,,,,,,,,,,,,,,,,,,,,,,,,,,,,,,,,,,,,,,,,,,,,,,,,,,,,,,,3,,,,,,,,,,,,,,,,,,,,,,,,,,,,,,,,,,,,,,,,,,,,,,,,,,,,,,,,,,,,,,,,,,,,,,,,,,,,,,,,,,,,,,
84,,,,,,,,,,,,,,,,,,,,,,,,,,,,,,,,,,,,,,,,,,,,,,,,,,,,,,,,,,,,,,,,,,,,,,,,,,,,,,,,,,,,,,,,,,,,,,,,,,,,,,,,,,,,,,,,,,,,,,,,,,,,,,,,,,,,,,,,,,,,,,,,,,,,,,,,,,,,,,,,,,,,,,,,,,,,,,,,,,,,,,,,,,,,,,,,,,,,,,,,,,,,,,,,,,,,,,
85,,,,,,,,,,,,,,,,,,,,,,,,,,,,,,,,,1,,,,,,,,,,,,,,,,,,,,,,,,,,,,,,,,,,,,,,,,,,,,,,,,,,,,,,,,,,2,,,,,,,,,,,,,,,2,,,,,,,,,,,,,,,,,,,,,,,,,,,,,,,,,,,,,,,,,,,2,,,,,,,,,,,,,,,,,,,,,,,,,,,,,,,,,,,,,,,,,,,,,,,,,,,,,,,,,,,,,,,,,
86,,,,,,,,,,,,,,,,,,,,,,,,,,,,,,,,,,,,,,,,,,,,,,,,,,,,,,,,,,,,,,,,,,,,,,,,,,,,,,,,,,,,,,,,,,,,,,,,,,,,,,,,,,,,,,,,,,,,,,,,,,,,,,,,,,,,,,,,,,,,,,,,,,,,,,,,,,,,,,,,,,,,,,,,,,,,,,,,,,,,,,,,,,,,,,,,,,,,,,,,,,,,,,,,,,,,,,
87,,,,,,,,,,,,2,,,2,,2,2,,,,3,,,,,2,,,,2,,2,,,,3,,,,,2,,,,1,,,,,,2,,,,2,,,,,,2,,,2,,,,,2,,,,,,,,,2,,,,2,,,,,,2,,2,,,,2,2,,,,,,,,,,,,,,,,,,2,,,,,,,,,,,,,,,,,2,2,,,,,,,,,,,,,,,,,1,1,,,2,,,,,,,,,,,,,,,,2,,,,,,,,,,,,,,,,,,,,,,,,,,,,,,,,,,,,,,,,,,,,,
88,,,,,,,,,,,,,,,,,,,,,,,,,,,,,,,,,,,,,,,,,,,,,,,,,,,,,,,,,,,,,,,,,,,,,,,,,,,,,,,,,,,,,,,,,,,,,,,,,,,,,,,,,,,,,,,,,,,,,,,,,,,,,,,,,,,,,,,,,,,,,,,,,,,,,,,,,,,,,,,,,,,,,,,,,,,,,,,,,,,,,,,,,,,,,,,,,,,,,,,,,,,,,,,,,,,,,,
89,,,,,,,,,,,,2,,,,,,2,,,,3,,,,2,2,,,,2,,,,,,2,,,,,2,,,2,1,,,2,,,3,,,,2,,,,,,2,,,2,,,,,2,,,,,,,,,2,,,,,,,,2,,,2,,,,,2,2,2,,,,,,,2,,,,,,,2,,,2,,,,,,,,,,,,,,,,,3,2,,,,,,,,,,,,,,,,2,2,,,,2,2,,,,,,,,,,,,,,,2,1,3,,,,,,,,,,,,,,,,,,,,,,,,,,,,,,,,,,,,,,,,,,,
90,,,,,,,,,,,,3,,,,,,2,,,,,,3,,2,,,,,,,,,,3,,,,,,,,,,,,,,,,3,,,,3,,,,,,,,,3,,,,,,,,,,,,,,,,,,,,,,,,3,,,,,,,,3,,,,,,,3,,,,,,,,3,,,,,,,,,,,,,,,,,,,,,,,,,,,,,,,,,,,,,,,,,2,3,,,,,,,,,,,,,,,3,3,2,,,,,,,,,,,,,,,,,,,,,,,,,,,,,,,,,,,,,,,,,,,
91,,,,,,,,,,,,,,,,,,,,,,,,,,,,,,,,,3,,,,,,,,,,,,,,,,,,,,,,,,,,,,,3,,,,,,,,,,,,,,,,,,,,,,,2,,3,,,,,,,,,,,,,,,,,,,,,,,,,,,,,,,,,,,,,,,,,,,,,3,,,,,,,,,,,,,,,,,2,,,,,,,,,,,,,,,,,,,,,,,,,,,,,,,,,,,,,,,,,,,,,,,,,,,,,,,,,,,,,,,,,
92,,,,,,,,,,,,,,3,,,,,,,,,,,,,,,,,,,,,,,,,,,,,,,,,,,,,,,,,,,,,,,,,,,,,,,2,,,,,,,,1,,,,,,,,,,,,,,,,,,,,,,,,,,,,,,,,,,,,,,,,,,,,,,,,,,,,,,,,,,,,,,,,,,,,,,,,,,,,,,,,,,,,,,,,,,,,,,,,,,,,,,,,,,,,,,,,,,,,,,,,,,,,,,,,,,,,,,,,,
93,,,,3,,,,,,,,,,3,,,,,,,2,,,,,,,,,,,,2,2,,,,,,,,,2,,,,,1,,,,,,,,,3,,,,,,,,,,,,,,,,2,,,,,,,,,,,2,,,,,,,,,3,,,,,3,,,,,,,,,,,,,,,,,,,,,,,,,,,,,,,1,,,,2,,,,,,2,,,,,,,,,,3,,,,,,,,,,,,,,2,,,,,,,,,,,,,,,,,,,,,,,,,,,,,,,,,,,,,,,,,,,,,,,,,,,
94,,,,,,,,,,,,,,,,,,,,,,,,,,,,,,3,,,,,,,,,,,,,,,,,,,,,,,,,,,,,,,,,,,,,,,,,1,,,,,,,,,,,,,,,,,,,,,,,,,,,,,,,,,,,,,,,,,,,,,,,,,,,,,,,,,,,,,,,,,,,,,,3,,,,,,,,,,,,,,,,,,,,,,,,,,,,,,,,,,,,,,,,,,,,,,,,,,,,,,,,,,,,,,,,,,,,,,,,,
95,,,,,,,,,,,,,,,,,3,,,3,,,,,,,,,,,,2,1,,,,3,,,,,,,,2,,,,,,,,,,,,,,,,2,2,,,,,,,,,,,,,3,,,,,,,,3,,,,3,,2,,3,,,,,,,,,,,,,,,,,,,,,,,1,,,,,,,,,2,,,,,,,,2,3,,,,,,,,,,,,,,,,,1,3,,,,,,,,,,,,,,,,,,,,,,,,,,,,,,,,,,,,,,,,,,,,,,,,,,,,,,,,,,,,,,,,
96,,,3,,,,,,3,,,1,,,,,,2,,,,,,3,,1,2,2,,,,,2,,,,,,,,,,2,,2,1,,,,,,3,,2,,2,,,,,,,,,3,,,,,,,,,,,,,,1,,,,,,,,,,3,2,,,,,,,3,,,,,,,2,,,1,,,1,,,3,2,,,,,,,3,,,,,,,,,2,,,,,,1,,,1,,,,,,,,,,,1,,,3,2,,,2,,,,,,,2,,,3,,3,1,3,,,,,,,,,,,,,,,,,,,,,,,,,,,,,,,,,,,,,,,,,,,
97,,,,,,,,,,,,,,,,,,3,,,,3,,,,,2,,,,,,,,,,,,,,,,,,,3,,,,,,2,,,,,,,,,,,,,3,,,,,,,,,,,,,,3,,,,,,,,2,,2,3,,,,,,2,,,,,,,,3,,,,,,,,,,2,,,,,,,3,,,,,,,,,3,,,,,,1,,,,,,,,,,,,,,,,,,,,,,,,,,,,,,1,,,2,2,3,,,,,,,,,,,,,,,,,,,,,,,,,,,,,,,,,,,,,,,,,,,
98,,,,2,,,,,,,,,,,,,,,,,,,,,,,,,,,,,,,,,,,,,,,2,,,,,1,,,,,,,,,3,,,,,,,,,,,,3,,,,2,,,,,,,,,,,,,,,,,,,,3,,,,,,,,,,,,,,,,,,,,,,,,,,,,,,,,,,,,1,,,,,,,,,,3,,,,,,,,,,,,,,,,,,,,,,,,,,,,,,,,,,,,,,,,,,,,,,,,,,,,,,,,,,,,,,,,,,,,,,,,,,,
99,,,3,,,,,,,,,,,,,,,,,,,,,,,,,3,,,,,3,,,,,,,,,,3,,,,,,,,,,,,,,,,,,,,,,,,,,,,,,,,,,,,,,,,,,3,,,,,,3,,,,,,,,,,,,,,,,3,,,3,,,,,,,,,,,,,,,,,,,,,,,,,,,,,,,,,,,,,,,3,,,,,,,,3,,,,,,,3,,,,,,,,,,,,,,,,,,,,,,,,,,,,,,,,,,,,,,,,,,,,,,,,,,
100,,,3,,,,,,3,,,,,,,,,,,,2,,,,3,,,3,,,,,1,,1,,,2,2,2,,,,,,,,,,,2,,1,3,3,,,3,3,,,,,,,1,,3,1,,,1,,1,,,2,,,,3,,,3,,,,1,,,,1,,,,,,,1,3,,3,1,,2,,,3,1,,,,,,1,,,,1,,,1,,3,,2,,,,,,,2,,,,,3,1,,,3,,,,2,3,,,,3,,,,,1,3,,,,,3,,2,,,3,3,,,,,,,,,,,,,,,,,,,,,,,,,,,,,,,,,,,,,,,,,,,,,,
101,,,,,,,,,,,,,,,,,,,,,,,,,,,,,,,,,,,,,,,,,,,,,,,,,,,,,,,,,,,,,,,,,,,,,,,,,,,,,,,,,,,,,,,,,,,,,,,,,,,,,,,,,,,,,,,,,,,,,,,,,,,,,,,,,,,,,,,,,,,,,,,,,,,,,,,,,,,,,,,,,,,,,,,,,,,,,,,,,,,,,,,,,,,,,,,,,,,,,,,,,,,,,,,,,,,,,,
102,,,,,,,,,,,,,,1,,,,,,,,,,,,,,3,,,,,1,,,,,,,,,,,,,,,,,,,,,,,,,,,,,,,,,,,,,,,,,,,,,,,,,,,,,,,,,,,,,,,,,,,,,,,,,,,,,,,,,,,,,,,,,,,,,,,,,,,,,,,,,,1,,,,,,,,,,,,,,,,,,,,,,,,,,,,,,,,,,,,,,,,,,,,,,,,,,,,,,,,,,,,,,,,,,,,,,,,,,,
103,,,,,,,,,,,,,,,,,,,,,,,,,,,,,,,,,,,,,,,,,,,,,,,,,,,,,,,,,,,,,,,,,,,,,,,,,,,,,,,,,,,,,,,,,,,,,,,,,,,,,,,,,,,,,,,,,,,,,,,,,,,,,,,,,,,,,,,,,,,,,,,,,,,,,,,,,,,,,,,,,,,,,,,,,,,,,,,,,,,,,,,,,,,,,,,,,,,,,,,,,,,,,,,,,,,,,,
104,,,,,,,,,3,,,,,,,,,,,,,,,,,3,2,,,,,,,,,,,,,,,,,,,,,,,,,,,,,,,,,,,,,,,,,,,,,,,,,,,,3,,,,,,,,,,,3,,,,,,,3,,,,,,,,,,,,,,,,,,,,2,,,,2,,,,,,,,,3,,,,,,2,,,,,,,,,,,,,,,,,,,,,,,,,,,,,,,,,,,,,,,,,,,,,,,,,,,,,,,,,,,,,,,,,,,,,,,,,,,,,,
105,,,,,,,,,,,,,,,,,,,,2,2,2,,,,,,,2,,,,2,2,,,,2,,2,,,,,,,,,2,2,2,,2,,,,,,2,,,,2,,,,,,,2,,,,,,,3,,,,,2,,2,,,,2,,,,,,,,,,,2,,,,,,,,,2,,2,,,,,,,,,,,,,,,,2,,,,,,,2,,,,,2,2,,,,,,,2,,,,,,,,,,,2,,,,,,2,,,,,2,,,,,,,,,,,,,,,,,,,,,,,,,,,,,,,,,,,,,,,,,,,,,,
106,,,2,,,1,,,3,,,,,,,,,,,,,3,,,,,,2,,,,3,3,,,,2,,,,,,2,,3,2,2,,,,,,,,,,,,,,,,,,2,,,,,,,,,,,,,2,,,,,3,,3,,,,,,2,,,,,,2,,,,,,,2,,,2,,,2,,,,,,,,,,,,,,,2,,,3,,1,,,,,,,,,,,,,,,,,,,,,,,,3,,,2,,,,,,,3,,,2,,,2,,,,,,,,,,,,,,,,,,,,,,,,,,,,,,,,,,,,,,,,,,,,
107,,2,,,,,,,,2,,,,,,,,,,,,,,,,,,3,,1,,,,,,,,,,,,,,,,,,,,,,,,,,,,,,2,,,,,,,,,,,2,,,,,,,,,,,,,,,,,,,,,,,2,,,,,,,,,,,,,,,,3,,,,,,,,3,,,,,,,,,,,,,,,,,,,,,,,2,,,,,,,,,3,,,,,,,3,,,,,,,,3,,,,,,,,,,,,,,,,,,,,,,,,,,,,,,,,,,,,,,,,,,,,,,,,,
108,,,2,,2,,,,,,,,,,,,,,,,,,,,,,,3,,,,3,,,,3,,,,,,,3,,,,3,,,,,,,,,,,,,,3,,,,,,,,,,,,,,3,,,,,,,,3,,,,,,,,,,,,,,,,,,,,,2,,,2,,,2,,3,,,,,,,,,,,,,,,,3,,2,,,,,,,,,,,,,,,,,,,,,,2,,,,,3,,,,,,,2,,,3,,,,,,,,,,,,,,,,,,,,,,,,,,,,,,,,,,,,,,,,,,,,,,,
109,,,,,,,,,,,,,,,,,,,,,,,,,,,,,,,,,,,,,,,,,,,,,,,,,,,,,,,,,,,,,,,,,,,,,,,,,,,,,,,,,,,,,,,,,,,,,,,,,,,,,,,,,,,,,,,,,,,,,,,,,,,,,,,,,,,,,,,,,,,,,,,,,,,,,,,,,,,,,,,,,,,,,,,,,,,,,,,,,,,,,,,,,,,,,,,,,,,,,,,,,,,,,,,,,,,,,,
110,,,,,,,,,,,,,,,,,,,,,,,,,,,,,,,,,,,,,,,,,,,,,,,,,,,,,,,,,,,,,,,,,,,,,,,,,,,,,,,,,,,,,,,,,,,,,,,,,,,,,,,,,,,,,,,,,,,,,,,,,,,,,,,,,,,,,,,,,,,,,,,,,,,,,,2,,,,,,,,,,,,,,,,,,,,,,,,,,,,,,,,,,,,,,,,,,,,,,,,,,,,,,,,,,,,,,,,
111,,,,,,,,,,,,,,,,,,,,2,,1,,,,2,,,,,,,,,,,2,,,,,,,,2,2,,,,,,,,,,,,,,,,,,,,,,,,,,,,,,,,,2,,,,,,,,,,,,,,,,,,2,,,,,,,,,,,,,,,,,,,,,,,,,,,,,,,3,,,1,,,,,2,,,,,,,,,,,,,,,,,,,,,,,,,,,,,,1,,,,,2,,,,,,,,,,,,,,,,,,,,,,,,,,,,,,,,,,,,,,,,,,,
112,,,,,2,2,,,2,,,2,,,,,,2,,2,,2,2,2,,2,2,,,,,,2,,,2,,2,,,2,,,,2,2,2,,2,,,2,2,2,,2,,,,,2,,2,,2,,2,,,2,,,,,2,2,,2,2,,,,2,,2,,,,2,,2,,,,,2,2,,,,,,,2,,2,,2,,,2,2,,,,2,2,,,,,,,,,,2,2,,2,,,,,,2,2,2,,2,,,,2,,,,,,,2,2,2,2,,,,2,,2,2,,,,,2,,,2,2,2,,,,,,,,,,,,,,,,,,,,,,,,,,,,,,,,,,,,,,,,,,,
113,,,,,,,,2,,,,2,,2,,2,,,,,,,,1,,,,,,,,,2,,,,,,,,,,,2,,,,,1,,,2,,3,,2,,,,,,,1,,3,,,,,1,,,,,,,1,,,,,2,,,,2,,,,,,,,,,,,,,,,,,,,,,,,,,,2,,,,,1,,,,,,,,,,,,,2,,,2,,,,,2,,,,2,,,,,,,,,,,,,,,,3,,,,,,,,,,3,,,3,,,,,,,,,,,,,,,,,,,,,,,,,,,,,,,,,,,,,,,,,,
114,,,1,,,,,,1,,,1,,,,,,2,,,,1,,1,,1,2,1,,,1,,1,,,,1,,,,,1,2,,1,1,,,,,,1,,2,,,,,,,,,,,1,,,,,1,,,,,,,,,1,1,,,1,,,,1,,1,,1,,,,1,1,1,,,,,,,1,,1,2,,,2,1,,1,,,,,,,,,,,,,,,,,,1,1,,,,,1,,1,,,,,,2,,,,2,2,,,1,1,,,2,,,,,,,1,,,1,,1,,1,,,,,,,,,,,,,,,,,,,,,,,,,,,,,,,,,,,,,,,,,,,
115,,,,,,,,,,,,,,2,,,,,,,,,,,,,,,,,,,2,,,,,,,,,,,,,,,,,,,,2,,,,,,,,,,,,,,,,2,,,,,,,,2,,,,,,,,,,,,,,,,,,,,,,,,,,,,,,,2,,,,,,,,,,,,,,,,,,,,,,,,,,,,,2,2,,,,,,,,,,,,,,,,,,,,,,,,,,,,,,,,,,,,,,,,,,,,,,,,,,,,,,,,,,,,,,,,,,,,,,,,,,,,
116,,,,,,,,,,,,,,,,,,,,,,,1,,,,,,,,,,1,,,1,,,,,1,,,,,,,,,,,,,,,,,,,,,,,,,,1,,,,,,,,,1,,,,,,,,,,,,,,,,,,,,,,,,,,,,,,,,,,,,1,,,,1,1,,,,,,,,,,1,,,,,,,,,,,,,1,,,,1,,,,,,,,,,,,,,1,,1,1,,,,,,,,,,1,,,,,,,,,,,,,,,,,,,,,,,,,,,,,,,,,,,,,,,,,,,
117,,,,,,,,,2,,,,,,,,,,,,,,1,,,2,1,,,,,2,3,,,3,,,,,3,,2,,,,,,,,,3,3,,,,,,,,2,,,,,,2,,,,,,,,2,3,,,2,,,,2,,,,,,,,,,,,,,3,,,,,,,1,,,,3,,,,2,,,,3,,,,,2,,,,,,3,2,,2,,,,,,,3,3,,2,,,,2,,,,,,,,,,,,,,3,,2,2,,,,,,,,,,3,,,,,,,,,,,,,,,,,,,,,,,,,,,,,,,,,,,,,,,,,,,
118,,,,,,,,,,,,,,1,,,,,,,,,,,,,,,,,,,2,,,,,,,,,,,,,,,,,,,,,,,,,,,,,,,,,,,,2,,,,,,,,3,,,,,,,,,,,,,,,,,,,,,,,,,,,,,,1,,,,,,,,,,,,,,,,,,,,,,,,,,,,,,,,,,,,,,,,,,,,,,,,,,,,,,,,,,,,,,,,,,,,,,,,,,,,,,,,,,,,,,,,,,,,,,,,,,,,,,,,,,,
119,,,,,,,,,,,,,,,,,,,,,,,,,,,,,,,,,,,,,,,,,,,,,,,,,,,,,,,,,,,,,,,,,,,,,,,,,,,,,,,,,,,,,,,,,,,,,,,,,,,,,,,,,,,,,,,,,,,,,,,,,,,,,,,,,,,,,,,,,,,,,,,,,,,,,,,,,,,,,,,,,,,,,,,,,,,,,,,,,,,,,,,,,,,,,,,,,,,,,,,,,,,,,,,,,,,,,,
120,1,,,,,,,,,,3,,,,,,,,,,,3,,,,,,,,,,,1,,,,,3,,,,,,,,,,,2,,,,,,,,,,,,,,3,,,,,,,3,,,,,,,,,,,,,,,3,,,,,,1,1,,,,,,,,,,,,,,,,,,,,,,,,,,,,,,,,,,,,,,,,,,,,,,,1,,,,,,,,,,,,,,,,,,,,,,,,,,,,,,,,,,,,,,,,,,,,,,,,,,,,,,,,,,,,,,,,,,,,,,,,,,,
121,,,3,,,,,,3,,,,,,,,,,,,,,,2,,3,2,,,,,,,,,,,,,,,,,,,,,,,,,3,,,,,,,,,,,,,,,,,,,,,,,,,,,3,,,,,,,,,,1,,,,,,,2,3,,,,,,,1,,,,,,,,,2,1,,,,,,,,,,,,,,,,2,,,,,,1,,,,,,,,,,,,,,,,,,,,,,,,,,,,,,,2,,2,,,,,,,,,,,,,,,,,,,,,,,,,,,,,,,,,,,,,,,,,,,,,
122,,,,,,,,,,,,,,1,,,,,,1,,,,,,,,1,,,,,1,,1,,,1,1,,,,,,,,,,,,1,,,,,,,,,1,,,,,,1,,1,,,,,,,,,,,,,,,,1,,,,,,,1,,,,,,,,,,,,,,,1,,,,1,,,,,,,,1,,,,,,1,,1,,,,,,,,,,,,,1,,1,,1,,,1,,,,,,,,,,,,,,,,,,1,,,,,,,,,,,,,,,,,,,,,,,,,,,,,,,,,,,,,,,,,,,,,,,,,,
123,,,,,,2,,,,,,,,,2,,,,,,,,,,,,,,,,3,,2,,,,3,,,,,2,,,3,,,,,,,,,,,,,,,,,2,,,,,,,,,,,,,,,,2,,,,,,,,,2,,,,,,,,,,,,,,,,,,,,,,,,,,,,,,,,,,,,,,2,,,,,,,,,,,,,,,,,,,,,,,3,3,,,,,,,,,,,,,,,,,,,,,,,,,,,,,,,,,,,,,,,,,,,,,,,,,,,,,,,,,,,,,,,,,
124,,,,,,,3,,,,,,,3,,,,,,,,,,,,,,,,1,,,,,,,,,,,,,,,,,,,,,,,,,3,,3,,,,,,,,,,,,,,3,3,,,,,,,,,,,,,,,,,,,,2,,,,,,,,,,3,,,,,,,,,,,,,2,,,3,,,,,,,,,,,,,,,,,,,,,,,3,,,,,,2,,,,,,,,,,,,,,,,,,3,,,,,,,,,,,,,,,,,,,,,,,,,,,,,,,,,,,,,,,,,,,,,,,,,
125,,,,,,,,,,,,,,,,,,,,,,,,,,,,,,,,,,,,,,,,,,,,,,,,,,,,,,,,,,,,,,2,,,,,,,,,,,,,,,,,,,,,,,,,,,,,,,,,,,,,,,,,,,,,,,,,,,,,,,,,,,,,,,,,,,,,,,,,,,,,,,,,,,,,,,,,,,,,,,,,,,,,,,,,,,,,,,,,,,,,,,,,,,,,,,,,,,,,,,,,,,,,,,,,,,,,,,,
126,,,,,,,,,,,,,,1,,,,,,,,,,,,,,,,,,,3,,,,,,,,,,,,,,,,,,,,,,,,,,,,,,,,,,,,2,,,,,,,,1,,,,,,,,,,,,,,,,,,,,,,,,,,,,,,,,,,,,,,,,,,,,,,,,,,,,,,,,,,,,,,,,,,,,,,,,,,,,,,,,,,,,,,,,,,,,,,,,,,,,,,,,,,,,,,,,,,,,,,,,,,,,,,,,,,,,,,,,,
127,,,,,,,,,,,,,,,,,,,,,,,3,,,,,,,,,,2,,,2,,,,,,,,,,,,,,,,,,,,,,,,,,,,,,,,,,,,,,,,,,,,,,,,,,,,,,,,,,,,,,,,,,,,,,,,,,,,2,,,,,,,,,,,,,,,,,,,,,,,,,,,,,,,,,,,,,,,,,,,,,,,,,,,,,,,,,,,2,,,,,,,,,,,,,,,,,,,,,,,,,,,,,,,,,,,,,,,,,,,
128,,,,,,,,,,,,,,3,,,,,,3,,3,,2,3,,,,,,,,2,,,,,,,,,,,,3,2,3,,3,2,,3,,3,,,,,,,,,,,2,,,,,2,,,,,,,2,,,,,,3,,2,,,,2,,2,,,,,,,,,,,,,,,,,,,,3,,,3,,,,,,,,,,,,,,,,,,,,,,,3,,2,,,,,,,,,3,,2,,,3,,,,,,,,,,,,,,,,,,3,,,,,,,,,,,,,,,,,,,,,,,,,,,,,,,,,,,,,,,,,,,
129,,,,,,,,,,,,,,,,,,,,,,,,,,,,,,,,,2,,,,,,,2,,,2,,,,,,,,2,,,,,,,,,,,,,,,,,,,,,,,,,,,,,,,,,,,,,,,,,,,,,,,,2,,,,,,2,,,,,,,,,,,,,,,,,,,,,,,,,,,,,,,,,,,,,,,,,,,,,2,,,,,,,,,,,,,,,,,,,,,,,,,,,,,,,,,,,,,,,,,,,,,,,,,,,,,,,,,,,,,,,,
130,,,,,,,,,3,,,,,,,,,,,,,2,,,,2,2,,,,,,,,,,,,,,,,,,2,2,,,,,,,,,,,,,,,,,,,,,2,,,,,,,,,3,,,2,,,,,,,,,,,,,,,,,,3,,,,,,,3,,2,,,,,,3,,,,,,,,,2,,,,,,,,,,,,,,,2,,,,,,,,,,,,,,,,,,,,,,2,,2,2,,,,,,,,,2,2,,,,,,,,,,,,,,,,,,,,,,,,,,,,,,,,,,,,,,,,,,,
131,,,,,,,,,,,,2,,,2,,,3,,2,,3,,2,,,2,,,,3,,1,,,,3,,,,,,,,1,2,,,3,,,2,,,,,,,,,,2,3,3,2,,,,,2,,,,,,,,,2,3,,,,,,,1,,3,,3,,,,3,2,,,,,,,,,,,,,,,3,,3,1,,,,,,,,,,,,,,,,,,2,,,,,,,,,,,,,3,,,,1,1,,,2,,,,,,,,,,,,,,,,,,,,,,,,,,,,,,,,,,,,,,,,,,,,,,,,,,,,,,,,,,,,,
132,,,,,,,,,,,,,,,,,3,3,,,,3,,,,,,,,,2,,2,,,,3,,,,,2,,,1,,,,2,,,,,,,,,,,,,2,2,,,,,,,2,,,,,,,,,,,,,3,,,,2,,2,,2,,,,3,2,,,,,,,,,,,,,,,,,,2,,,,,,,,,2,,,,,,,,3,,,,,,,,,,,,,,,,,,2,3,,,,,,,,,,,,,,,,,,,,,,,,,,,,,,,,,,,,,,,,,,,,,,,,,,,,,,,,,,,,,,,,
133,,,,,,,,,,,,,,,,,,,,,,,,,,,,,,,,,,,,,,,,,,,,,,,,,,,,,,,,,,,,,,,,,,,,,,,,,,,,,,,,,,,,,,,,,,,,,,,,,,,,,,,,,,,,,,,,,,,,,,,,,,,,,,,,,,,,,,,,,,,,,,,,,,,,,,,,,,,,,,,,,,,,,,,,,,,,,,,,,,,,,,,,,,,,,,,,,,,,,,,,,,,,,,,,,,,,,,
134,,,,,,,,,,,,,,3,,,,,,,,,,3,,,,,,,,,1,,,,,,,,,,,,,,,,3,,,,,,,,,,,,,,3,,,,,,,3,,,,,,,,,,,,,,,3,,,,,,1,,,,,,,,,,,,,,,,,,,,,,3,,,,,,,,,,,,,,,,,,,,,,,,,,,,,,,,,,,,2,,,,,,,,,,,,,,,,,,,,,,,3,,,,,,,,,,,,,,,,,,,,,,,,,,,,,,,,,,,,,,,,,,
135,,,,,,,,,,,,,,,,,,,,,,,,,,,,,,,,,,,,,,,,,,,,,,,,,,,,,,,,,,,,,,,,,,,,,,,,,,,,,,,,,,,,,,,,,,,,,,,,,,,,,,,,,,,,,,,,,,,,,,,,,,,,,,,,,,,,,,,,,,,,,,,,,,,,,,2,,,,,,,3,,,,,,,,,,,,,,,,,,,,,,,,,,,,,,,,,,,,,,,,,,,,,,,,,,,,,,,,,
136,,,,,,,,,,,,1,,,,,,,,,,,,,,1,1,,,,,,,,,,,,,,,,,,1,,,,,,,1,,,,,,,,,,,,,2,,,,,,,,,,,,,,2,,,,3,,,,1,,2,,,,,,,,2,,,,,,,2,,,,,,,2,2,,2,,,,,,,2,,,,,,,3,,2,,,,,,,,,,,,,,,,,,,,,,,2,,,,,,,,,,,,,1,,,1,,1,,,,,,,,,,,,,,,,,,,,,,,,,,,,,,,,,,,,,,,,,,,
137,,,3,,,,,,3,,,,,,,,,,,3,,,,,,,,3,,,,3,3,,,,3,,,,,,3,,,,3,,,,,,3,,,,,,,,,3,,,,,,,,,,,,,,,,,,,,,,,,,,,,,,,,,,,,,,,,,,3,,3,3,3,,3,,,,,,,,,,,,,,,,,,,,3,,,,,,,,3,3,,,,,,,,,,,3,,,,,,,3,,,,,,,3,,,3,,,,,,,,,,,,,,,,,,,,,,,,,,,,,,,,,,,,,,,,,,,,,,,
138,,,3,,1,,,,3,,,,,2,,,,,,2,,,,,,,,2,,,,2,2,,,,,,,,,,2,,,2,2,,,1,,,3,,,,,,,,2,,,,,,,,2,,,,,,2,,2,,,,,,3,,,,,,,,,,,,,,,,,,,,,2,,2,1,2,,2,,,,,,,,,,,,,,,,,,2,,,,,,,,,2,2,,,,,,,,,,,,,,2,,3,,,2,,,,,,,2,,,2,,,,,,,,,,,,,,,,,,,,,,,,,,,,,,,,,,,,,,,,,,,,,,,
139,3,3,3,3,3,,3,3,,3,3,,3,3,,3,,,,3,3,,,3,3,,,2,3,3,,,2,3,3,,,2,3,3,,,2,3,3,,3,3,3,3,3,,3,2,3,,3,3,3,3,3,,3,,,3,,3,1,3,3,3,3,3,3,,3,,,,3,3,3,3,,3,,3,,,,3,3,3,,,,3,3,3,,3,3,,3,3,1,2,3,2,,,3,,3,,,3,3,3,,3,,3,,3,,3,3,,,,3,3,3,,3,3,,,3,3,3,,,3,3,,,1,3,3,,,3,3,3,,3,,,3,3,3,3,,2,3,,,,3,,,,,,,,,,,,,,,,,,,,,,,,,,,,,,,,,,,,,,,,,,
140,,,,,,,,,,,,,,,,,,,,,,,,,,,,,,,,,,,,,,,,,,,,,,,,,,,,,,,,,,,,,,,,,,,,,,,,,,,,,,,,,,,,,,,,,,,,,,,,,,,,,,,,,,,,,,,,,,,,,,,,,,,,,,,,,,,,,,,,,,,,,,,,,,,,,,,,,,,,,,,,,,,,,,,,,,,3,,,,,,,,,,,,,,,,,,,,,,,,,,,,,,,,,,,,,,,,,,,
141,,2,,,,,,,,2,,,,,,,,,,,,,,,,,,3,,3,,,1,,,,,,,,,,,,,,,,,,,,3,,,,,,3,2,,,,,,,,,1,,3,,,,,,,,,,,,,,,,,,,,,2,,,,,,,,,,,,,,,2,3,,3,,,,,2,,,,,,,,,,,,,,,,,,,,,,,3,,,,,,,,,,,,,,,,,,,3,,,,,3,,,,,,,,,,,,,,,,,,,,,,,,,,,,,,,,,,,,,,,,,,,,,,,,,,,,
142,,,,,,,,,,,,,,,,,,,,,,,,,,,,,,,,,,,,,,,,,,,,,,,,,,,,,,,,,,,,,,,,,,,,,,,,,,,,,,,,,,,,,,,,,,,,,,,,,,,,,,,,,,,,,,,,,,,,,,,,,,,,,,,,,,,,,,,,,,,,,,,,,,,,,,,,,,,,,,,,,,,,,,,,,,,,,,,,,,,,,,,,,,,,,,,,,,,,,,,,,,,,,,,,,,,,,,
143,,,,,,,,,,,,,,,,3,,,,,,,,3,,,,,,,,,3,,,3,,1,,,,,,2,,,,,3,,,3,,,,,,,,,,,2,,,,,,2,2,,,,,,3,2,,,,,,,,,,,,,,,,,,,,3,,,,,,,,,,,,,,,3,3,,,,,,,1,,,,,,,,,,2,,,,,,,,,2,,,,2,,,,,,3,,,,,,,,,,3,,,,,,,,,,,,3,,,,,,,,,,,,,,,,,,,,,,,,,,,,,,,,,,,,,,,,,,,
144,,,,,,,,,,,,,,,,,,,,,,3,3,3,,,,,,,,,2,,,3,,,,,3,,,,,,,,,,,,3,,,,,,,,3,,,,,,3,,,,,,,,3,3,,,,,,,3,,,,,,,3,,,,,,,3,,,,,,,,,,,3,,,,3,,,,3,3,,,,,,,,,,3,3,,,,,,,,,,3,,3,,,,,,,,,,,,,,3,,,,3,,3,3,,,,,,,,,,3,,,,,,,,,,,,,,,,,,,,,,,,,,,,,,,,,,,,,,,,,,,
145,,,,,,,,,,,,,,,,,,,,,,,,,,,,,,,,,,,,,,,,,,,,,3,,,,,,,,,,,,,,,,,,,3,,,,,,,,,,,3,,,,,3,,,,,,,,,2,,,,,,,,,,,,,,,,,,,,,,,,,2,,,,,,,,,,,,,,,,,,,,,,,,,,,,,,,,,,,,,,,,,,,,,,,,,,,,,,,,,,,,,,,,,,,,,,,,,,,,,,,,,,,,,,,,,,,,,,,,,,,,
146,3,3,3,3,3,3,3,3,3,3,3,3,3,3,3,3,3,3,3,3,3,3,3,3,3,3,3,3,3,3,3,3,3,3,3,3,3,3,3,3,3,3,3,3,3,3,3,3,3,3,3,3,3,3,3,3,3,3,3,3,3,3,3,3,3,3,3,3,3,3,3,3,3,3,3,3,3,3,3,3,3,3,3,3,3,3,3,3,3,3,3,3,3,3,3,3,3,3,3,3,3,3,3,3,3,3,3,3,3,3,3,3,3,3,3,3,3,3,3,3,3,3,3,3,3,3,3,3,3,3,3,3,3,3,3,3,3,3,3,3,3,3,3,3,3,3,3,3,3,3,3,3,3,3,3,3,3,3,3,3,3,3,3,3,3,3,3,3,3,3,3,3,,,,,,,,,,,,,,,,,,,,,,,,,,,,,,,,,,,,,,,,,,
147,,,,,,,,,,,,,,,,,,,,,,,,,,,,,,,,,1,,,,,,,,,,,,,,,,,,,,,,,,,,,,,,,,,,,,,,,,,,,,2,,,,,,,,,,,,,,,,,,,,,,,,,,,,,,,,,,,,,,,,,,,,,,,,,,,,,,,,,,,,,,,,,,,,,,,,1,,,,,,,,,,,,,,,,,,,,,,,,,,,,,,,,,,,,,,,,,,,,,,,,,,,,,,,,,,,,,,,,,
148,,,,,,,,,,,,,,,,,,,,,,,,,,,,,,,,,,,,,,,,,,,,,,,,,,,,,,,,,,,,,,2,,,,,,,,,,,,,,,,,,,,,,,,,,,,,,,,,,,,,,,,,,,,,,,,,,,,,,,,,,,,,,,,,,,,,,,,,,,,,,,,,,,,,,,,,,,,,,,,,,,,,,,,,,,,,,,,,,,,,,,,,,,,,,,,,,,,,,,,,,,,,,,,,,,,,,,,
149,,,,,,,,,,,,,,,,,,2,,,,,,,,,2,,,,,,3,,,,,,,,,,,,1,,,,,,,2,,,,,,,,,,3,,,,,,,,,,,,,,,,,2,,,,3,,,,2,,2,,3,,,,2,2,,,,,,,,,,,,,,,,,,2,,,,,,,,,3,,,,,,,,2,2,,,,,,,,,,,,,,,,,3,2,,,2,,,,,,,,,,,,,,,,,,,,,,,,,,,,,,,,,,,,,,,,,,,,,,,,,,,,,,,,,,,,,
150,3,2,3,2,,,2,2,1,2,2,1,2,2,,2,3,2,,1,2,2,,1,2,,,3,2,2,,3,1,2,2,,2,2,2,2,,,3,2,2,2,,2,2,1,2,2,2,1,2,1,2,2,2,2,,3,2,,2,2,,2,2,2,2,2,2,2,,,2,,,,2,2,3,2,3,2,1,2,3,,3,2,2,2,3,1,,2,2,2,,2,2,,2,2,3,2,2,3,,,1,1,2,,,2,2,2,,2,,2,,2,,3,2,,2,2,2,2,3,,2,2,2,,2,2,2,,,2,2,,1,,2,,2,,2,2,3,,2,,,2,2,3,2,,1,2,1,2,,2,,,,,,,,,,,,,,,,,,,,,,,,,,,,,,,,,,,,,,,,,,
151,,,,,,,,,,,,,,,,,,,,,,,,,,,,,,,,,,,,,,,,,,,,,,,,,,,,,,,,,,,,,,,,,,,,,,,,,,,,,,,,,,,,,,,,,,,,,,,,,,,,,,,,,,,,,,,,,,,,,,,,,,,,,,,,,,,,,,,,,,,,,,,,,,,,,,,,,,,,,,,,,,,,,,,,,,,,,,,,,,,,,,,,,,,,,,,,,,,,,,,,,,,,,,,,,,,,,,
152,,,,,,2,,,,,,,,,,,,,,,,,,,,,,,,,,,1,,,,,,,,,,,,,,3,,,,,,,,,,,,,,,,,,,,,,,,,,,,,,,2,,,,,2,,,,,,,,,,,,,,,,,,,,,,,,,,,,,,,,,,,,,,,,2,,,,,2,,,,,,,,,,,,,,,,,,,,,,,,,,,,,,,,,,,,,,,,,,,,,,,,,,,,,,,,,,,,,,,,,,,,,,,,,,,,,,,,,,,,,,
153,,,,,,,,,1,,,1,,,,,3,2,,,,2,,2,,2,1,,,,1,,,,,3,2,,,,3,1,,,2,2,,,2,,,3,,2,,2,,,,,,1,,,2,,,,,2,,,,,,,,,2,,,,,,,,2,,2,2,,,,,,2,2,,,,,,,2,,,,,,,,,,2,,3,,,,,,,,,,,,,,2,2,2,,,,,,,2,,,,,,,,,,1,,,,,2,,,,,,,3,,,,,1,2,,,2,2,,,,,,,,,,,,,,,,,,,,,,,,,,,,,,,,,,,,,,,,,,,
154,,,,,,,,,,,,3,,,,,,2,,,,,,3,,2,2,,,,,2,,,,2,,,,,,,,,,2,,,3,,,2,,3,,2,,,,,3,,,,3,,,,,3,,,,,3,,,,3,,,,3,,,,1,,2,2,,,,,,2,2,,,,,,,2,,,,,,,,3,,3,,3,,,,,,,,,,,,2,,,,,,,,2,,,,,,,,,,,,,,,,,2,,,,,,,,,,,,,,,,2,2,2,,,,,,,,,,,,,,,,,,,,,,,,,,,,,,,,,,,,,,,,,,,
155,,,,,,,,,,,,,,1,,,,,,,,,,,,,,,,,,,1,,,,,,,,,,,,,,,,,,,,,,,,,,,,,,,,,,,,3,,,,,,,,3,,,,,,,,,,,,,,,,,,,,,,,,,,,,,,,,,,,,,,,,,,,,,,,,,,,,,,,,,,,,,,,,,,,,,,,,,,,,,,,,,,,,,,,,,,,,,,,,,,,,,,,,,,,,,,,,,,,,,,,,,,,,,,,,,,,,,,,,,
156,,,,,,,,,,,,,,2,,,,,,,,,,,,,,,,,,,,,,,,,,,,,,,,,,,,,,,,,,,,,,,,,,,,2,,,,,,,,,,,,,,,,,,,,,,,,,,,,,,,,,,,,,,,,,,,,,,,,,,,,,,,,,,,,,,,,,,,,,,,,,,,,,,,,,,,,,,,,,,,,,,,,,,3,,,,,,,,,,,,,,,,,,,,,,,,,,,,,,,,,,,,,,,,,,,,,,,,,,
157,,,,,,,,,,,,,,,,,,,,,,2,,,,,,,,,,,1,,,,,2,,,,,,,,,,,,,,,,,,,,,2,,,,,,,,,,,2,,,,,,,,,,,,,,2,,,,,,,,,,,,3,,,,,,,,,2,2,,,,2,,,,,,,,,,,,,,,,2,,,,,,,,,,,,3,,,,,,,,3,,,,3,,,,,,,,,,,,,,,,,,,,,,,,,,,,,,,,,,,,,,,,,,,,,,,,,,,,,,,,,,,,,,,,
158,,,,,,,,,,,,,,,,,,,,,,,,,,,,,,,,,,,,,,,,,,,,,,,,,,,,,,,,,,,,,,,,,,,,,,,,,,,,,,,,,,,,,,,,,,,,,,,,,,,,,,,,,,,,,,,,,,,,,,,,,,,,,,,,,,,,,,,,,,,,,,,,,,,,,,,,,,,,,,,,,,,,,,,,,,,,,,,,,,,,,,,,,,,,,,,,,,,,,,,,,,,,,,,,,,,,,,
159,3,,,3,,,,2,,,3,,,2,,2,,,,,3,,,3,,,,,,,,,2,,3,,,,,3,,,,2,,,,1,3,,3,,,,3,,,2,,,,,3,,,,,,2,3,,,,,,,3,,,,,2,,3,,2,,,,,,,2,,,,,3,3,,,2,,,3,,,,,3,,,3,,,,,,,3,,1,,,,2,,,2,,,,2,3,,,,,,,,,3,,,3,3,,,,,,,,3,,3,,3,,,,,,,,,3,,,,2,,,,,,,,,,,,,,,,,,,,,,,,,,,,,,,,,,,,,,,,,,
160,,,,,,,,,,,,,,,,,,,,,,,,,,,,,,,,,,,,,,,,,,,,,,,,,,,,,,,,,,,,,,,,,,,,,,,,,,,,,,,,,,,,,,,,,,,,,,,,,,,,,,,,,,,,,,,,,,,,,,,,,,,,,,,,,,,,,,,,,,,,,,,,,,,,,,,,,,,,,,,,,,,,,,,,,,,2,,,,,,,,,,,,,,,,,,,,,,,,,,,,,,,,,,,,,,,,,,,
161,,,,,,,,,,,,,,,,,,,,,,,,,,,,,,,,,3,,,3,,,,,,,,,,,,,,,,,,,,,,,,,,,,,,,,,,,,,,,,,,,,,,,,,,,,,,,,,,,,,3,,,,,,,,,,,,,,,3,,,,,,,,,,,,,,,,,,3,,,,,,,,,,,,,,,,,,,,,,,,,,,,,,,,,,,,,,,,,3,,,,,,,,,,,,,,,,,,,,,,,,,,,,,,,,,,,,,,,,,,,
162,,,,,,,,,,,,,,,,,,,,,,,,,,,,,,,,,,,,,,,,,,,,,,,,,,,,,,,,,,,,,,,,,,,,,,,,,,,,,,,,,,,,,,,,,,,,,,,,,,,,,,,,,,,,,,,,,,,,,,,,,,,,,,,,,,,,,,,,,,,,,,,,,,,,,,,,,,,,,,,,,,,,,,,,,,,,,,,,,,,,,,,,,,,,,,,,,,,,,,,,,,,,,,,,,,,,,,
163,,,,,,,,,,,,,,,,,,,,,,,,,,,,,,,,,,,,,,,,,,,,,,,,,,,,,,,,,,,,,,,,,,,,,,,,,,,,,,,,,,,,,,,,,,,,,,,,,,,,,,,,,,,,,,,,,,,,,,,,,,,,,,,,,,,,,,,,,,,,,,,,,,,,,,,,,,,,,,,,,,,,,,,,,,,,,,,,,,,,,,,,,,,,,,,,,,,,,,,,,,,,,,,,,,,,,,
164,,,2,,,,,,,,,2,,,,,,,,,,2,,,2,,,2,,,,,,,2,,2,2,,,,,2,,,2,,,2,,,,2,2,,2,,,,2,,,2,,,2,,2,2,2,,,,,,,2,,,,2,,2,,,,,,,,,,,,,,2,,,2,,,,,,,2,2,2,2,,,,,,,,,2,,,,,,,,,2,,,,,,,,,2,2,2,,,2,,,,,,,,2,,,,,,2,2,,,,,,,,,,2,,2,2,,,,,,,,,,,,,,,,,,,,,,,,,,,,,,,,,,,,,,,,,,,,
165,,,,,,,,,,,,,,2,,,,,,,,,,,,,,,,,,,2,,,,,,,,,,,,,,,,,,,,,,,,,,,,,,,,,,,,,,,,,,,,,,,,,,,,,,,,,,,,,,,,,,,,,,,,,,2,,,,,,,,,,,,,,,,,,,,,,,,,,,,,,,,,,,,,,,,,,,,,,,,,,,,,,,,,,,,,,,,,,,,,,,,,,,,,,,,,,,,,,,,,,,,,,,,,,,,,,,,,,,
166,,,,,,,,,3,,,,,,,,,,,,,3,,3,,3,,3,,,,,,,,,,,,,,,,,3,,,,3,,,3,,,,,,,,,,,,,,,,,,3,,,,,,,,,,,,,,,,,,,3,,,,,,,,3,,,,,,,3,,3,,,,,3,,3,,,,,,,,,,,,,,,,,3,,,,,,3,,,,,,,,,,,,1,,,,,3,,,,,,,,,,,,,,,,,,,,,,,,,,,,,,,,,,,,,,,,,,,,,,,,,,,,,,,,,,,,,
167,,,3,,3,,,,3,,,3,3,1,,,,3,,3,3,3,,,3,,,3,,,,3,1,,3,,2,3,2,,,,3,,,3,3,,3,3,,3,3,3,,3,,2,,3,,,3,,,2,,3,1,2,,,,,,,2,,,,3,,3,,,,1,,,,,,,,,3,,,,3,,,,,,1,3,2,3,3,,,,,,,,,3,,3,3,,,,,,3,,,,,,,3,,3,3,2,,,3,,,,,,,,1,,3,3,,,3,3,,,,,,,1,,,,,3,3,,,,,,,,,,,,,,,,,,,,,,,,,,,,,,,,,,,,,,,,,,,,
168,,,,,,,,,,,,,,,,,,,,,,,,,,,,,,,,,2,,,,,,,,,,,,,,,,,,,,,,,,,,,,,,,,,,,,,,,,,,,,3,,,,,,,,,,,,,,,,,,,,,,,,,,,,,,,,,3,,,,,,,,,,,,,,,,,,,,,,,,,,,,,2,,,,,,,,,,,,,,,,,,3,,,,,,,,,,,,,,,,,,,,,,,,,,,,,,,,,,,,,,,,,,,,,,,,,,,,,,,,,
169,,,3,,,,,,,,,3,,,,,,,,,,,,,,,1,2,,,,,,,,,3,,,,,,3,,3,,,,3,,,3,,3,,3,,,,,,,,,,,,,,,,,,,,,,,1,,,,,,,,3,,3,3,,,,,,3,3,,,,,,,2,,,2,,,3,,,3,,,,,,,,,,,,,,,,,,,,,,,1,,,,,,,,,,,,,,1,,,,3,,,2,,,,,,,3,,,3,,,1,3,,,,,,,,,,,,,,,,,,,,,,,,,,,,,,,,,,,,,,,,,,,
170,,,,,,,,,2,,,2,,,,,,1,,,,2,,,,2,2,,,,,2,,,,,2,,,,,,,,,2,2,,,,,1,,1,,2,,,,,2,,,,2,,,,,1,,,,,2,,,,2,,,,2,,,,2,,2,2,,,,,,1,2,,,,,,,2,,,,,,,,2,,,,2,,,,,2,,,,,,,,,2,,,,,,2,2,,,,,,,,,,,,,,,,2,2,,,,,,,,,,,,,2,,2,2,1,,,,,,,,,,,,,,,,,,,,,,,,,,,,,,,,,,,,,,,,,,,
171,,,,,,,,,,,,,,,,,,1,,,,3,,,,2,,,,,,,3,,,,,,,,,,,,2,1,,,,,,3,,,,,,,,,,,,,,,,,,,,,,,,,,,,,,,,,,,,,,,,,,,,,2,,,,,,,,,,,,,,2,,,,,,,,,,,,,,,,,,,,,,,,,,,,,,,,,,,,,,,,,,,,,,,,,,,,,,,,,,,,,,,,,,,,,,,,,,,,,,,,,,,,,,,,,,,,,,,,,,,,,,,
172,,,,,,,,,,,,,,3,,,,,,,,,,3,,,,,,,,,,,,,,,,,,,,,,,,,,,,,,,,,,,,,,,,,,,,,,,,,,,,,,,,,,,,,,,,,,,,,,,,,,,,,,,,,,,,,,,,,3,,,,,,,,,,,,,,,,,,,,,,,,,,,,,,,,,,,,,,,,,,,,,,,,,,,,,,,,,,,,,,,,,,,,,,,,,,,,,,,,,,,,,,,,,,,,,,,,,,,,,
173,,,,,,,,,,,,,,,,,,,,,,,,,,,,,,,,,,,,,,,,,,,,,,,,,,,,,,,,,,,,,,,,,,,,,,,,,,,,,,,,,,,,,,,,,,,,,,,,,,,,,,,,,,,,,,,,,,,,,,,,,,,,,,,,,,,,,,,,,,,,,,,,,,,,,,,,,,,,,,,,,,,,,,,,,,,,,,,,,,,,,,,,,,,,,,,,,,,,,,,,,,,,,,,,,,,,,,
174,,,,,,,,,,,,,,,,,,,,,,,,,,,,,,,,,,,,,,,,,,,,,,,,,,,,,,,,,,,,,,,,,,,,,,,,,,,,,,,,,,,,,,,,,,,,,,,,,,,,,,,,,,,,,,,,,,,,,,,,,,,,,,,,,,,,,,,,,,,,,,,,,,,,,,,,,,,,,,,,,,,,,,,,,,,,,,,,,,,,,,,,,,,,,,,,,,,,,,,,,,,,,,,,,,,,,,
175,,,,,,,,,,,,,,,,,,,,,,,,,,,,,,,,,,,,,,,,,,,,,,,,,,,,,,,,,,,,,,,,,,,,,,,,,,,,,,,,,,,,,,,,,,,,,,,,,,,,,,,,,,,,,,,,,,,,,,,,,,,,,,,,,,,,,,,,,,,,,,,,,,,,,,,,,,,,,,,,,,,,,,,,,,,,,,,,,,,,,,,,,,,,,,,,,,,,,,,,,,,,,,,,,,,,,,
176,,,,,,,,,,,,,,,,,,,,,,,,,,,,,,,,,,,,,,,,,,,,,,,,,,,,,,,,,,,,,,,,,,,,,,,,,,,,,,,,,,,,,,,,,,,,,,,,,,,,,,,,,,,,,,,,,,,,,,,,,,,,,,,,,,,,,,,,,,,,,,,,,,,,,,,,,,,,,,,,,,,,,,,,,,,,,,,,,,,,,,,,,,,,,,,,,,,,,,,,,,,,,,,,,,,,,,
177,,,,,,,,,,,,,,,,,,,,,,,,,,,,,,,,,,,,,,,,,,,,,,,,,,,,,,,,,,,,,,,,,,,,,,,,,,,,,,,,,,,,,,,,,,,,,,,,,,,,,,,,,,,,,,,,,,,,,,,,,,,,,,,,,,,,,,,,,,,,,,,,,,,,,,,,,,,,,,,,,,,,,,,,,,,,,,,,,,,,,,,,,,,,,,,,,,,,,,,,,,,,,,,,,,,,,,
178,,,,,,,,,,,,,,,,,,,,,,,,,,,,,,,,,,,,,,,,,,,,,,,,,,,,,,,,,,,,,,,,,,,,,,,,,,,,,,,,,,,,,,,,,,,,,,,,,,,,,,,,,,,,,,,,,,,,,,,,,,,,,,,,,,,,,,,,,,,,,,,,,,,,,,,,,,,,,,,,,,,,,,,,,,,,,,,,,,,,,,,,,,,,,,,,,,,,,,,,,,,,,,,,,,,,,,
179,,,,,,,,,,,,,,,,,,,,,,,,,,,,,,,,,,,,,,,,,,,,,,,,,,,,,,,,,,,,,,,,,,,,,,,,,,,,,,,,,,,,,,,,,,,,,,,,,,,,,,,,,,,,,,,,,,,,,,,,,,,,,,,,,,,,,,,,,,,,,,,,,,,,,,,,,,,,,,,,,,,,,,,,,,,,,,,,,,,,,,,,,,,,,,,,,,,,,,,,,,,,,,,,,,,,,,
180,,,,,,,,,,,,,,,,,,,,,,,,,,,,,,,,,,,,,,,,,,,,,,,,,,,,,,,,,,,,,,,,,,,,,,,,,,,,,,,,,,,,,,,,,,,,,,,,,,,,,,,,,,,,,,,,,,,,,,,,,,,,,,,,,,,,,,,,,,,,,,,,,,,,,,,,,,,,,,,,,,,,,,,,,,,,,,,,,,,,,,,,,,,,,,,,,,,,,,,,,,,,,,,,,,,,,,
181,,,,,,,,,,,,,,,,,,,,,,,,,,,,,,,,,,,,,,,,,,,,,,,,,,,,,,,,,,,,,,,,,,,,,,,,,,,,,,,,,,,,,,,,,,,,,,,,,,,,,,,,,,,,,,,,,,,,,,,,,,,,,,,,,,,,,,,,,,,,,,,,,,,,,,,,,,,,,,,,,,,,,,,,,,,,,,,,,,,,,,,,,,,,,,,,,,,,,,,,,,,,,,,,,,,,,,
182,,,,,,,,,,,,,,,,,,,,,,,,,,,,,,,,,,,,,,,,,,,,,,,,,,,,,,,,,,,,,,,,,,,,,,,,,,,,,,,,,,,,,,,,,,,,,,,,,,,,,,,,,,,,,,,,,,,,,,,,,,,,,,,,,,,,,,,,,,,,,,,,,,,,,,,,,,,,,,,,,,,,,,,,,,,,,,,,,,,,,,,,,,,,,,,,,,,,,,,,,,,,,,,,,,,,,,
183,,,,,,,,,,,,,,,,,,,,,,,,,,,,,,,,,,,,,,,,,,,,,,,,,,,,,,,,,,,,,,,,,,,,,,,,,,,,,,,,,,,,,,,,,,,,,,,,,,,,,,,,,,,,,,,,,,,,,,,,,,,,,,,,,,,,,,,,,,,,,,,,,,,,,,,,,,,,,,,,,,,,,,,,,,,,,,,,,,,,,,,,,,,,,,,,,,,,,,,,,,,,,,,,,,,,,,
184,,,,,,,,,,,,,,,,,,,,,,,,,,,,,,,,,,,,,,,,,,,,,,,,,,,,,,,,,,,,,,,,,,,,,,,,,,,,,,,,,,,,,,,,,,,,,,,,,,,,,,,,,,,,,,,,,,,,,,,,,,,,,,,,,,,,,,,,,,,,,,,,,,,,,,,,,,,,,,,,,,,,,,,,,,,,,,,,,,,,,,,,,,,,,,,,,,,,,,,,,,,,,,,,,,,,,,
185,,,,,,,,,,,,,,,,,,,,,,,,,,,,,,,,,,,,,,,,,,,,,,,,,,,,,,,,,,,,,,,,,,,,,,,,,,,,,,,,,,,,,,,,,,,,,,,,,,,,,,,,,,,,,,,,,,,,,,,,,,,,,,,,,,,,,,,,,,,,,,,,,,,,,,,,,,,,,,,,,,,,,,,,,,,,,,,,,,,,,,,,,,,,,,,,,,,,,,,,,,,,,,,,,,,,,,
186,,,,,,,,,,,,,,,,,,,,,,,,,,,,,,,,,,,,,,,,,,,,,,,,,,,,,,,,,,,,,,,,,,,,,,,,,,,,,,,,,,,,,,,,,,,,,,,,,,,,,,,,,,,,,,,,,,,,,,,,,,,,,,,,,,,,,,,,,,,,,,,,,,,,,,,,,,,,,,,,,,,,,,,,,,,,,,,,,,,,,,,,,,,,,,,,,,,,,,,,,,,,,,,,,,,,,,
187,,,,,,,,,,,,,,,,,,,,,,,,,,,,,,,,,,,,,,,,,,,,,,,,,,,,,,,,,,,,,,,,,,,,,,,,,,,,,,,,,,,,,,,,,,,,,,,,,,,,,,,,,,,,,,,,,,,,,,,,,,,,,,,,,,,,,,,,,,,,,,,,,,,,,,,,,,,,,,,,,,,,,,,,,,,,,,,,,,,,,,,,,,,,,,,,,,,,,,,,,,,,,,,,,,,,,,
188,,,,,,,,,,,,,,,,,,,,,,,,,,,,,,,,,,,,,,,,,,,,,,,,,,,,,,,,,,,,,,,,,,,,,,,,,,,,,,,,,,,,,,,,,,,,,,,,,,,,,,,,,,,,,,,,,,,,,,,,,,,,,,,,,,,,,,,,,,,,,,,,,,,,,,,,,,,,,,,,,,,,,,,,,,,,,,,,,,,,,,,,,,,,,,,,,,,,,,,,,,,,,,,,,,,,,,
189,,,,,,,,,,,,,,,,,,,,,,,,,,,,,,,,,,,,,,,,,,,,,,,,,,,,,,,,,,,,,,,,,,,,,,,,,,,,,,,,,,,,,,,,,,,,,,,,,,,,,,,,,,,,,,,,,,,,,,,,,,,,,,,,,,,,,,,,,,,,,,,,,,,,,,,,,,,,,,,,,,,,,,,,,,,,,,,,,,,,,,,,,,,,,,,,,,,,,,,,,,,,,,,,,,,,,,
190,,,,,,,,,,,,,,,,,,,,,,,,,,,,,,,,,,,,,,,,,,,,,,,,,,,,,,,,,,,,,,,,,,,,,,,,,,,,,,,,,,,,,,,,,,,,,,,,,,,,,,,,,,,,,,,,,,,,,,,,,,,,,,,,,,,,,,,,,,,,,,,,,,,,,,,,,,,,,,,,,,,,,,,,,,,,,,,,,,,,,,,,,,,,,,,,,,,,,,,,,,,,,,,,,,,,,,
191,,,,,,,,,,,,,,,,,,,,,,,,,,,,,,,,,,,,,,,,,,,,,,,,,,,,,,,,,,,,,,,,,,,,,,,,,,,,,,,,,,,,,,,,,,,,,,,,,,,,,,,,,,,,,,,,,,,,,,,,,,,,,,,,,,,,,,,,,,,,,,,,,,,,,,,,,,,,,,,,,,,,,,,,,,,,,,,,,,,,,,,,,,,,,,,,,,,,,,,,,,,,,,,,,,,,,,
192,,,,,,,,,,,,,,,,,,,,,,,,,,,,,,,,,,,,,,,,,,,,,,,,,,,,,,,,,,,,,,,,,,,,,,,,,,,,,,,,,,,,,,,,,,,,,,,,,,,,,,,,,,,,,,,,,,,,,,,,,,,,,,,,,,,,,,,,,,,,,,,,,,,,,,,,,,,,,,,,,,,,,,,,,,,,,,,,,,,,,,,,,,,,,,,,,,,,,,,,,,,,,,,,,,,,,,
193,,,,,,,,,,,,,,,,,,,,,,,,,,,,,,,,,,,,,,,,,,,,,,,,,,,,,,,,,,,,,,,,,,,,,,,,,,,,,,,,,,,,,,,,,,,,,,,,,,,,,,,,,,,,,,,,,,,,,,,,,,,,,,,,,,,,,,,,,,,,,,,,,,,,,,,,,,,,,,,,,,,,,,,,,,,,,,,,,,,,,,,,,,,,,,,,,,,,,,,,,,,,,,,,,,,,,,
194,,,,,,,,,,,,,,,,,,,,,,,,,,,,,,,,,,,,,,,,,,,,,,,,,,,,,,,,,,,,,,,,,,,,,,,,,,,,,,,,,,,,,,,,,,,,,,,,,,,,,,,,,,,,,,,,,,,,,,,,,,,,,,,,,,,,,,,,,,,,,,,,,,,,,,,,,,,,,,,,,,,,,,,,,,,,,,,,,,,,,,,,,,,,,,,,,,,,,,,,,,,,,,,,,,,,,,
195,,,,,,,,,,,,,,,,,,,,,,,,,,,,,,,,,,,,,,,,,,,,,,,,,,,,,,,,,,,,,,,,,,,,,,,,,,,,,,,,,,,,,,,,,,,,,,,,,,,,,,,,,,,,,,,,,,,,,,,,,,,,,,,,,,,,,,,,,,,,,,,,,,,,,,,,,,,,,,,,,,,,,,,,,,,,,,,,,,,,,,,,,,,,,,,,,,,,,,,,,,,,,,,,,,,,,,
196,,,,,,,,,,,,,,,,,,,,,,,,,,,,,,,,,,,,,,,,,,,,,,,,,,,,,,,,,,,,,,,,,,,,,,,,,,,,,,,,,,,,,,,,,,,,,,,,,,,,,,,,,,,,,,,,,,,,,,,,,,,,,,,,,,,,,,,,,,,,,,,,,,,,,,,,,,,,,,,,,,,,,,,,,,,,,,,,,,,,,,,,,,,,,,,,,,,,,,,,,,,,,,,,,,,,,,
197,,,,,,,,,,,,,,,,,,,,,,,,,,,,,,,,,,,,,,,,,,,,,,,,,,,,,,,,,,,,,,,,,,,,,,,,,,,,,,,,,,,,,,,,,,,,,,,,,,,,,,,,,,,,,,,,,,,,,,,,,,,,,,,,,,,,,,,,,,,,,,,,,,,,,,,,,,,,,,,,,,,,,,,,,,,,,,,,,,,,,,,,,,,,,,,,,,,,,,,,,,,,,,,,,,,,,,
198,,,,,,,,,,,,,,,,,,,,,,,,,,,,,,,,,,,,,,,,,,,,,,,,,,,,,,,,,,,,,,,,,,,,,,,,,,,,,,,,,,,,,,,,,,,,,,,,,,,,,,,,,,,,,,,,,,,,,,,,,,,,,,,,,,,,,,,,,,,,,,,,,,,,,,,,,,,,,,,,,,,,,,,,,,,,,,,,,,,,,,,,,,,,,,,,,,,,,,,,,,,,,,,,,,,,,,
199,,,,,,,,,,,,,,,,,,,,,,,,,,,,,,,,,,,,,,,,,,,,,,,,,,,,,,,,,,,,,,,,,,,,,,,,,,,,,,,,,,,,,,,,,,,,,,,,,,,,,,,,,,,,,,,,,,,,,,,,,,,,,,,,,,,,,,,,,,,,,,,,,,,,,,,,,,,,,,,,,,,,,,,,,,,,,,,,,,,,,,,,,,,,,,,,,,,,,,,,,,,,,,,,,,,,,,
200,,,,,,,,,,,,,,,,,,,,,,,,,,,,,,,,,,,,,,,,,,,,,,,,,,,,,,,,,,,,,,,,,,,,,,,,,,,,,,,,,,,,,,,,,,,,,,,,,,,,,,,,,,,,,,,,,,,,,,,,,,,,,,,,,,,,,,,,,,,,,,,,,,,,,,,,,,,,,,,,,,,,,,,,,,,,,,,,,,,,,,,,,,,,,,,,,,,,,,,,,,,,,,,,,,,,,,
201,,,,,,,,,,,,,,,,,,,,,,,,,,,,,,,,,,,,,,,,,,,,,,,,,,,,,,,,,,,,,,,,,,,,,,,,,,,,,,,,,,,,,,,,,,,,,,,,,,,,,,,,,,,,,,,,,,,,,,,,,,,,,,,,,,,,,,,,,,,,,,,,,,,,,,,,,,,,,,,,,,,,,,,,,,,,,,,,,,,,,,,,,,,,,,,,,,,,,,,,,,,,,,,,,,,,,,
202,,,,,,,,,,,,,,,,,,,,,,,,,,,,,,,,,,,,,,,,,,,,,,,,,,,,,,,,,,,,,,,,,,,,,,,,,,,,,,,,,,,,,,,,,,,,,,,,,,,,,,,,,,,,,,,,,,,,,,,,,,,,,,,,,,,,,,,,,,,,,,,,,,,,,,,,,,,,,,,,,,,,,,,,,,,,,,,,,,,,,,,,,,,,,,,,,,,,,,,,,,,,,,,,,,,,,,
203,,,,,,,,,,,,,,,,,,,,,,,,,,,,,,,,,,,,,,,,,,,,,,,,,,,,,,,,,,,,,,,,,,,,,,,,,,,,,,,,,,,,,,,,,,,,,,,,,,,,,,,,,,,,,,,,,,,,,,,,,,,,,,,,,,,,,,,,,,,,,,,,,,,,,,,,,,,,,,,,,,,,,,,,,,,,,,,,,,,,,,,,,,,,,,,,,,,,,,,,,,,,,,,,,,,,,,
204,,,,,,,,,,,,,,,,,,,,,,,,,,,,,,,,,,,,,,,,,,,,,,,,,,,,,,,,,,,,,,,,,,,,,,,,,,,,,,,,,,,,,,,,,,,,,,,,,,,,,,,,,,,,,,,,,,,,,,,,,,,,,,,,,,,,,,,,,,,,,,,,,,,,,,,,,,,,,,,,,,,,,,,,,,,,,,,,,,,,,,,,,,,,,,,,,,,,,,,,,,,,,,,,,,,,,,
205,,,,,,,,,,,,,,,,,,,,,,,,,,,,,,,,,,,,,,,,,,,,,,,,,,,,,,,,,,,,,,,,,,,,,,,,,,,,,,,,,,,,,,,,,,,,,,,,,,,,,,,,,,,,,,,,,,,,,,,,,,,,,,,,,,,,,,,,,,,,,,,,,,,,,,,,,,,,,,,,,,,,,,,,,,,,,,,,,,,,,,,,,,,,,,,,,,,,,,,,,,,,,,,,,,,,,,
206,,,,,,,,,,,,,,,,,,,,,,,,,,,,,,,,,,,,,,,,,,,,,,,,,,,,,,,,,,,,,,,,,,,,,,,,,,,,,,,,,,,,,,,,,,,,,,,,,,,,,,,,,,,,,,,,,,,,,,,,,,,,,,,,,,,,,,,,,,,,,,,,,,,,,,,,,,,,,,,,,,,,,,,,,,,,,,,,,,,,,,,,,,,,,,,,,,,,,,,,,,,,,,,,,,,,,,
207,,,,,,,,,,,,,,,,,,,,,,,,,,,,,,,,,,,,,,,,,,,,,,,,,,,,,,,,,,,,,,,,,,,,,,,,,,,,,,,,,,,,,,,,,,,,,,,,,,,,,,,,,,,,,,,,,,,,,,,,,,,,,,,,,,,,,,,,,,,,,,,,,,,,,,,,,,,,,,,,,,,,,,,,,,,,,,,,,,,,,,,,,,,,,,,,,,,,,,,,,,,,,,,,,,,,,,
208,,,,,,,,,,,,,,,,,,,,,,,,,,,,,,,,,,,,,,,,,,,,,,,,,,,,,,,,,,,,,,,,,,,,,,,,,,,,,,,,,,,,,,,,,,,,,,,,,,,,,,,,,,,,,,,,,,,,,,,,,,,,,,,,,,,,,,,,,,,,,,,,,,,,,,,,,,,,,,,,,,,,,,,,,,,,,,,,,,,,,,,,,,,,,,,,,,,,,,,,,,,,,,,,,,,,,,
209,,,,,,,,,,,,,,,,,,,,,,,,,,,,,,,,,,,,,,,,,,,,,,,,,,,,,,,,,,,,,,,,,,,,,,,,,,,,,,,,,,,,,,,,,,,,,,,,,,,,,,,,,,,,,,,,,,,,,,,,,,,,,,,,,,,,,,,,,,,,,,,,,,,,,,,,,,,,,,,,,,,,,,,,,,,,,,,,,,,,,,,,,,,,,,,,,,,,,,,,,,,,,,,,,,,,,,
210,,,,,,,,,,,,,,,,,,,,,,,,,,,,,,,,,,,,,,,,,,,,,,,,,,,,,,,,,,,,,,,,,,,,,,,,,,,,,,,,,,,,,,,,,,,,,,,,,,,,,,,,,,,,,,,,,,,,,,,,,,,,,,,,,,,,,,,,,,,,,,,,,,,,,,,,,,,,,,,,,,,,,,,,,,,,,,,,,,,,,,,,,,,,,,,,,,,,,,,,,,,,,,,,,,,,,,
211,,,,,,,,,,,,,,,,,,,,,,,,,,,,,,,,,,,,,,,,,,,,,,,,,,,,,,,,,,,,,,,,,,,,,,,,,,,,,,,,,,,,,,,,,,,,,,,,,,,,,,,,,,,,,,,,,,,,,,,,,,,,,,,,,,,,,,,,,,,,,,,,,,,,,,,,,,,,,,,,,,,,,,,,,,,,,,,,,,,,,,,,,,,,,,,,,,,,,,,,,,,,,,,,,,,,,,
212,,,,,,,,,,,,,,,,,,,,,,,,,,,,,,,,,,,,,,,,,,,,,,,,,,,,,,,,,,,,,,,,,,,,,,,,,,,,,,,,,,,,,,,,,,,,,,,,,,,,,,,,,,,,,,,,,,,,,,,,,,,,,,,,,,,,,,,,,,,,,,,,,,,,,,,,,,,,,,,,,,,,,,,,,,,,,,,,,,,,,,,,,,,,,,,,,,,,,,,,,,,,,,,,,,,,,,
213,,,,,,,,,,,,,,,,,,,,,,,,,,,,,,,,,,,,,,,,,,,,,,,,,,,,,,,,,,,,,,,,,,,,,,,,,,,,,,,,,,,,,,,,,,,,,,,,,,,,,,,,,,,,,,,,,,,,,,,,,,,,,,,,,,,,,,,,,,,,,,,,,,,,,,,,,,,,,,,,,,,,,,,,,,,,,,,,,,,,,,,,,,,,,,,,,,,,,,,,,,,,,,,,,,,,,,
214,,,,,,,,,,,,,,,,,,,,,,,,,,,,,,,,,,,,,,,,,,,,,,,,,,,,,,,,,,,,,,,,,,,,,,,,,,,,,,,,,,,,,,,,,,,,,,,,,,,,,,,,,,,,,,,,,,,,,,,,,,,,,,,,,,,,,,,,,,,,,,,,,,,,,,,,,,,,,,,,,,,,,,,,,,,,,,,,,,,,,,,,,,,,,,,,,,,,,,,,,,,,,,,,,,,,,,